claim_id,patient_id,payer,submission_date,claim_status,billed_amount
CLM100088,PT10001,Medicare,2026-03-10,Paid,1996.8
CLM100321,PT10002,"Blue Cross",2026-08-16,Paid,2948.33
CLM100091,PT10011,UnitedHealthcare,2026-05-17,Denied,627.06
CLM102150,PT10012,Medicare,2026-07-23,Paid,338.69
CLM101064,PT10013,Medicare,2026-06-11,Denied,3940.03
CLM101164,PT10014,"Blue Cross",2026-02-02,Paid,386.75
CLM100733,PT10015,Cigna,2026-05-20,Paid,2787.95
CLM101851,PT10017,"Blue Cross",2026-08-19,Pending,3253.62
CLM101136,PT10018,Aetna,2026-07-24,Paid,912.48
CLM102518,PT10022,Medicaid,2026-01-13,Denied,2076.7
CLM100852,PT10025,Medicaid,2026-08-22,Paid,1344.79
CLM102191,PT10026,UnitedHealthcare,2026-08-30,Paid,1246.94
CLM101402,PT10028,Aetna,2026-06-25,Denied,2088.53
CLM101850,PT10030,Medicaid,2026-08-28,Paid,1296.17
CLM101548,PT10031,Medicaid,2026-08-16,Paid,1727.08
CLM100186,PT10032,Cigna,2026-01-25,Paid,2091.09
CLM102070,PT10033,UnitedHealthcare,2026-07-15,Paid,991.32
CLM100876,PT10034,"Blue Cross",2026-03-18,Paid,2211.57
CLM100028,PT10035,Medicare,2026-08-03,Paid,2093.56
CLM101350,PT10037,"Blue Cross",2026-02-16,Paid,675.93
CLM102635,PT10039,UnitedHealthcare,2026-03-04,Paid,1487.3
CLM101215,PT10040,Cigna,2026-08-01,Paid,456.51
CLM101177,PT10042,UnitedHealthcare,2026-01-06,"Partially Paid",886.45
CLM101320,PT10043,Cigna,2026-05-02,Paid,669.43
CLM101781,PT10044,Aetna,2026-06-03,Paid,2848
CLM101480,PT10045,Medicare,2026-07-15,Paid,3597.94
CLM101142,PT10048,"Blue Cross",2026-06-23,Paid,4058.76
CLM100459,PT10049,Cigna,2026-08-14,Denied,3373.57
CLM100420,PT10050,Medicaid,2026-06-28,Paid,3174.89
CLM102067,PT10051,Medicare,2026-05-22,Paid,2218.67
CLM100692,PT10054,Cigna,2026-05-09,Paid,3216.18
CLM100717,PT10055,Medicare,2026-08-18,Paid,2854.34
CLM102461,PT10057,"Blue Cross",2026-07-28,Paid,3000.68
CLM100213,PT10060,Cigna,2026-07-30,Denied,1235.84
CLM100460,PT10061,"Blue Cross",2026-06-17,Denied,1412.78
CLM100968,PT10062,Medicaid,2026-04-08,Paid,1400.98
CLM100358,PT10063,Medicare,2026-07-20,Paid,2373.36
CLM100287,PT10065,"Blue Cross",2026-08-28,Paid,2354.11
CLM100688,PT10066,Cigna,2026-05-17,Pending,487.55
CLM101511,PT10067,Medicaid,2026-07-18,Paid,731.7
CLM102555,PT10068,Cigna,2026-07-26,Paid,4012.84
CLM102789,PT10069,Cigna,2026-04-10,Paid,1052.41
CLM102567,PT10071,Medicaid,2026-06-23,Paid,1115.96
CLM102338,PT10073,Medicaid,2026-04-25,Paid,3289.7
CLM102011,PT10074,Cigna,2026-05-09,Paid,3399.48
CLM100047,PT10075,Medicare,2026-01-25,Pending,1913.17
CLM102584,PT10076,Cigna,2026-04-21,Pending,2514.31
CLM100011,PT10077,Aetna,2026-06-09,Paid,2778.2
CLM102039,PT10078,UnitedHealthcare,2026-01-29,Paid,95.67
CLM102366,PT10080,Medicaid,2026-08-29,Paid,1767.79
CLM101433,PT10081,UnitedHealthcare,2026-02-03,Paid,2574.17
CLM102064,PT10082,Cigna,2026-06-15,Paid,2108.14
CLM101304,PT10084,"Blue Cross",2026-03-31,Paid,735.25
CLM102242,PT10085,Medicare,2026-07-27,Paid,2056.98
CLM102615,PT10086,Medicare,2026-08-26,Paid,1389.66
CLM101832,PT10090,Aetna,2026-08-08,Denied,2356.7
CLM101463,PT10091,Medicare,2026-03-19,Paid,2617.4
CLM101736,PT10093,Medicaid,2026-08-23,Paid,696.4
CLM102176,PT10095,Cigna,2026-05-31,Paid,4192.7
CLM100956,PT10100,UnitedHealthcare,2026-05-19,Paid,777.71
CLM102934,PT10101,"Blue Cross",2026-08-03,Paid,3679.77
CLM102966,PT10103,Aetna,2026-08-08,Paid,3561.04
CLM101140,PT10105,Cigna,2026-05-26,Paid,3334.42
CLM101007,PT10106,Cigna,2026-02-22,Pending,2863.58
CLM102249,PT10109,Medicare,2026-02-07,Paid,1653.28
CLM100379,PT10110,Aetna,2026-04-07,Denied,4128.56
CLM100669,PT10112,Medicare,2026-06-14,Paid,1616.07
CLM100231,PT10113,UnitedHealthcare,2026-06-15,Paid,2150.14
CLM102231,PT10115,UnitedHealthcare,2026-08-27,Denied,1071.31
CLM102433,PT10116,UnitedHealthcare,2026-03-23,Pending,3037.67
CLM100351,PT10117,Medicare,2026-08-14,Paid,1490.51
CLM101455,PT10118,UnitedHealthcare,2026-03-12,Paid,670.03
CLM100344,PT10119,"Blue Cross",2026-04-28,Paid,2972.71
CLM102833,PT10120,UnitedHealthcare,2026-03-14,Paid,1895.81
CLM101823,PT10121,Medicare,2026-05-02,Paid,293.54
CLM102416,PT10123,Medicare,2026-02-08,Pending,420.09
CLM101131,PT10124,UnitedHealthcare,2026-02-07,"Partially Paid",1653.23
CLM101591,PT10127,Cigna,2026-08-03,Paid,2757.91
CLM101148,PT10128,Medicare,2026-08-31,Paid,2933.68
CLM101913,PT10129,Medicaid,2026-04-22,Paid,203.07
CLM101047,PT10130,Medicaid,2026-07-24,Paid,3133.86
CLM100520,PT10131,Medicare,2026-03-25,Paid,1992.88
CLM102485,PT10133,Medicare,2026-05-27,Paid,1674.21
CLM101232,PT10134,UnitedHealthcare,2026-06-06,Paid,3629.45
CLM102883,PT10135,Cigna,2026-04-10,Paid,1237.75
CLM100355,PT10137,Medicaid,2026-07-15,Paid,1907.6
CLM100985,PT10138,"Blue Cross",2026-06-30,Pending,1814.26
CLM102785,PT10144,"Blue Cross",2026-03-14,"Partially Paid",669.56
CLM101803,PT10147,UnitedHealthcare,2026-04-25,Pending,-1709.79
CLM101312,PT10149,Medicare,2026-01-02,"Partially Paid",112.71
CLM101645,PT10151,Medicaid,2026-07-09,Paid,2372.74
CLM102862,PT10154,Aetna,2026-04-08,Paid,1399.44
CLM100236,PT10155,Aetna,2026-06-13,Paid,1712.83
CLM100822,PT10156,Medicaid,2026-03-25,"Partially Paid",1648.86
CLM100124,PT10157,Medicare,2026-06-15,"Partially Paid",2051.88
CLM102312,PT10158,Cigna,2026-08-14,Paid,664.72
CLM102796,PT10160,Aetna,2026-05-17,Paid,4129.09
CLM101760,PT10161,Aetna,2026-06-27,Paid,2037.71
CLM100959,PT10164,UnitedHealthcare,2026-02-13,Denied,1296.2
CLM102794,PT10166,Medicare,2026-08-15,Paid,1214.06
CLM101711,PT10167,"Blue Cross",2026-04-15,Denied,3151.69
CLM100915,PT10170,UnitedHealthcare,2026-08-04,Paid,3142.65
CLM102360,PT10171,Medicaid,2026-08-11,Paid,2678.72
CLM100372,PT10173,Medicaid,2026-08-21,Paid,386.04
CLM102451,PT10174,"Blue Cross",2026-07-03,Pending,2774.26
CLM102753,PT10175,UnitedHealthcare,2026-06-07,Denied,3072.66
CLM101637,PT10176,"Blue Cross",2026-01-07,Paid,3313.64
CLM102807,PT10177,Cigna,2026-06-02,Paid,439.29
CLM102110,PT10180,UnitedHealthcare,2026-07-26,Pending,2925.53
CLM102372,PT10181,"Blue Cross",2026-08-01,Paid,1027.89
CLM100142,PT10182,Aetna,2026-06-19,Paid,2078.75
CLM100575,PT10183,UnitedHealthcare,2026-04-23,Paid,3698.97
CLM102456,PT10184,"Blue Cross",2026-08-13,Paid,3619.9
CLM100356,PT10186,Medicare,2026-05-09,Paid,2958.43
CLM100588,PT10187,Medicaid,2026-03-30,Paid,2353.28
CLM100597,PT10189,Aetna,2026-03-25,Denied,186.19
CLM101814,PT10190,Medicaid,2026-07-02,Paid,2289.14
CLM102090,PT10194,Medicare,2026-04-25,Paid,2351.56
CLM102097,PT10195,"Blue Cross",2026-08-20,Denied,820.73
CLM101906,PT10197,Cigna,2026-05-01,Paid,1894.49
CLM100412,PT10198,Cigna,2026-03-06,Paid,546.37
CLM102152,PT10199,Cigna,2026-07-22,Paid,3334.89
CLM100550,PT10200,Medicaid,2026-05-21,Paid,1386.04
CLM101530,PT10204,"Blue Cross",2026-07-24,Paid,3481.34
CLM101327,PT10206,Aetna,2026-03-30,Paid,3897.87
CLM101928,PT10207,UnitedHealthcare,2026-05-02,Denied,3124.64
CLM102271,PT10209,"Blue Cross",2026-02-04,Paid,3012.29
CLM100240,PT10210,UnitedHealthcare,2026-04-01,Paid,1769.9
CLM101919,PT10211,Cigna,2026-05-29,Denied,1000.67
CLM101641,PT10213,Medicaid,2026-06-29,Paid,1885.34
CLM100925,PT10214,"Blue Cross",2026-05-22,Paid,1769.89
CLM100510,PT10215,"Blue Cross",2026-02-23,Denied,1236.35
CLM100100,PT10218,Cigna,2026-08-18,Paid,3453.75
CLM100365,PT10219,"Blue Cross",2026-03-13,Paid,3431.92
CLM100595,PT10220,Medicaid,2026-01-20,Denied,1978.62
CLM100304,PT10224,Medicaid,2026-08-15,Denied,274.57
CLM101945,PT10225,Aetna,2026-08-26,Paid,330.23
CLM102786,PT10227,UnitedHealthcare,2026-05-06,Denied,986.66
CLM100667,PT10228,Aetna,2026-06-12,Paid,1966.29
CLM101419,PT10230,Medicaid,2026-08-18,Pending,2493.54
CLM100907,PT10232,UnitedHealthcare,2026-06-03,Pending,2674.35
CLM100153,PT10233,Aetna,2026-07-03,Denied,3567.11
CLM102233,PT10234,Medicare,2026-05-22,"Partially Paid",1938.78
CLM100974,PT10236,Aetna,2026-07-24,Denied,204.14
CLM101101,PT10239,Cigna,2026-04-06,Paid,654.87
CLM102991,PT10241,Aetna,2026-08-11,Paid,2078.09
CLM100893,PT10242,Cigna,2026-03-22,Denied,3564.2
CLM100043,PT10244,Cigna,2026-08-25,Paid,935.63
CLM102806,PT10247,Aetna,2026-07-03,Denied,3908.07
CLM102175,PT10248,Aetna,2026-08-01,Paid,811.67
CLM103000,PT10249,UnitedHealthcare,2026-02-08,Paid,2365.57
CLM100686,PT10250,Cigna,2026-04-14,Paid,3405.59
CLM100680,PT10251,Cigna,2026-06-03,Paid,2974.34
CLM100388,PT10253,Aetna,2026-06-02,Paid,610.53
CLM102367,PT10254,Cigna,2026-03-24,Paid,3188.01
CLM101158,PT10256,Cigna,2026-04-04,Denied,3079.87
CLM101751,PT10257,"Blue Cross",2026-07-04,Paid,1414
CLM102141,PT10258,Medicare,2026-04-23,Paid,934.03
CLM100171,PT10259,"Blue Cross",2026-07-06,Paid,958.6
CLM101664,PT10261,"Blue Cross",2026-03-09,Denied,3993.11
CLM100699,PT10262,Medicare,2026-03-11,"Partially Paid",3237.19
CLM101230,PT10263,Aetna,2026-04-27,Paid,588.53
CLM100967,PT10265,Cigna,2026-06-03,Paid,3136.92
CLM101399,PT10266,"Blue Cross",2026-02-14,Paid,161.95
CLM101388,PT10268,UnitedHealthcare,2026-08-04,Denied,3108.99
CLM102800,PT10269,UnitedHealthcare,2026-01-27,Paid,1543.47
CLM101432,PT10271,UnitedHealthcare,2026-07-17,Pending,3545.44
CLM100133,PT10273,Cigna,2026-05-06,Paid,1701.18
CLM101184,PT10274,"Blue Cross",2026-07-19,Paid,3266.44
CLM102852,PT10275,Aetna,2026-07-20,Paid,3445.01
CLM100873,PT10276,Cigna,2026-04-12,"Partially Paid",2830.49
CLM100223,PT10277,Cigna,2026-08-27,Paid,3666.66
CLM101879,PT10280,UnitedHealthcare,2026-06-02,Paid,1053.29
CLM102685,PT10283,"Blue Cross",2026-04-06,Paid,785.34
CLM102390,PT10286,Aetna,2026-07-23,Paid,3143.27
CLM100039,PT10287,Medicaid,2026-03-15,Paid,2108.63
CLM102811,PT10288,Aetna,2026-06-20,Pending,1695.96
CLM102377,PT10289,Medicaid,2026-08-04,Paid,1756.78
CLM102418,PT10292,Medicaid,2026-02-12,Paid,175.49
CLM102000,PT10293,"Blue Cross",2026-08-29,Paid,3123.53
CLM100611,PT10297,Aetna,2026-03-01,Paid,761.47
CLM102764,PT10298,Medicare,2026-05-04,Paid,186.67
CLM100134,PT10299,Medicare,2026-04-06,Pending,4156.32
CLM101679,PT10300,Medicare,2026-05-01,Paid,1785.43
CLM101162,PT10301,Medicare,2026-07-01,Denied,167.13
CLM100054,PT10302,Medicaid,2026-05-28,Paid,3195.5
CLM100509,PT10304,Cigna,2026-07-24,"Partially Paid",1441.76
CLM102136,PT10305,Aetna,2026-03-11,Paid,247.41
CLM101356,PT10306,Medicare,2026-03-22,Paid,165.94
CLM101608,PT10307,Aetna,2026-03-12,Denied,4146.18
CLM101524,PT10309,"Blue Cross",2026-08-21,Paid,742.09
CLM101295,PT10310,Aetna,2026-06-20,Paid,2439.48
CLM100605,PT10312,,2026-08-31,Paid,1773.37
CLM101667,PT10314,UnitedHealthcare,2026-04-04,Paid,3210.97
CLM101239,PT10315,UnitedHealthcare,2026-04-29,Paid,4150.98
CLM102397,PT10316,Aetna,2026-07-27,Pending,2053.74
CLM101857,PT10317,Cigna,2026-04-19,Pending,4017.86
CLM101008,PT10318,Aetna,2026-01-25,Paid,1526.02
CLM100226,PT10319,Medicaid,2026-09-04,Paid,3741.43
CLM100565,PT10320,Aetna,2026-04-08,Paid,533.29
CLM102056,PT10323,"Blue Cross",2026-02-03,Paid,-155.77
CLM100941,PT10324,UnitedHealthcare,2026-01-17,Paid,3893.56
CLM101405,PT10325,Cigna,2026-08-14,Paid,627.3
CLM101725,PT10326,"Blue Cross",2026-08-04,Paid,2805.58
CLM101084,PT10327,"Blue Cross",2026-08-21,Denied,861.73
CLM102323,PT10328,UnitedHealthcare,2026-08-11,Paid,2741.57
CLM102827,PT10330,Medicare,2026-06-17,Paid,280.63
CLM101333,PT10340,Medicaid,2026-07-28,Paid,3434.2
CLM100899,PT10341,Medicaid,2026-06-21,"Partially Paid",690.62
CLM102180,PT10342,Cigna,2026-05-11,Pending,2827.35
CLM100496,PT10346,"Blue Cross",2026-04-12,Paid,2518.27
CLM102068,PT10348,"Blue Cross",2026-04-20,Denied,1127.69
CLM101280,PT10349,Cigna,2026-04-02,Paid,1857.61
CLM101314,PT10351,Aetna,2026-05-12,Pending,356.97
CLM101895,PT10354,"Blue Cross",2026-07-28,Denied,1271.4
CLM102457,PT10355,,2026-04-29,"Partially Paid",343.13
CLM102288,PT10357,Medicaid,2026-06-15,Paid,1802.14
CLM101406,PT10359,"Blue Cross",2026-08-24,Paid,3810.21
CLM100551,PT10362,Medicare,2026-07-28,Denied,142.3
CLM100532,PT10363,"Blue Cross",2026-04-24,Paid,1658.26
CLM100641,PT10366,Medicare,2026-08-10,Paid,2852.01
CLM100921,PT10370,Medicaid,2026-01-31,Paid,3816.83
CLM101311,PT10373,"Blue Cross",2026-01-19,Paid,-2691.49
CLM101590,PT10374,"Blue Cross",2026-06-27,Paid,3086.88
CLM101774,PT10375,"Blue Cross",2026-08-01,Paid,3167.86
CLM100513,PT10376,Cigna,2026-05-15,Denied,1044.54
CLM102525,PT10377,"Blue Cross",2026-06-13,Pending,4128.31
CLM100569,PT10380,Cigna,2026-08-28,Denied,2176.48
CLM102362,PT10381,UnitedHealthcare,2026-05-29,Paid,1487.76
CLM100221,PT10382,Cigna,2026-08-31,Paid,726.99
CLM100655,PT10385,"Blue Cross",2026-07-16,Paid,1810.2
CLM102093,PT10387,Medicaid,2026-02-02,Paid,3300.12
CLM100762,PT10388,Medicare,2026-05-10,Paid,1125.51
CLM102018,PT10389,Cigna,2026-08-19,Pending,3491.6
CLM100529,PT10390,Cigna,2026-04-21,Paid,4026.68
CLM101372,PT10392,Medicaid,2026-02-16,Paid,4182.71
CLM102436,PT10393,Aetna,2026-04-24,Paid,1120.42
CLM102554,PT10394,Medicaid,2026-02-13,"Partially Paid",657.36
CLM101674,PT10395,"Blue Cross",2026-08-14,Paid,867.61
CLM101039,PT10396,Aetna,2026-07-14,Denied,4035.28
CLM102261,PT10397,Aetna,2026-06-09,Denied,504.51
CLM102147,PT10399,Aetna,2026-06-15,"Partially Paid",366.34
CLM100665,PT10402,Aetna,2026-08-22,Paid,1592.06
CLM100341,PT10405,UnitedHealthcare,2026-05-03,Pending,976.36
CLM102502,PT10407,Aetna,2026-07-01,Paid,3214.59
CLM101646,PT10408,Aetna,2026-03-24,Paid,1166.57
CLM101122,PT10410,Aetna,2026-01-30,Paid,2864.59
CLM102473,PT10414,Medicare,2026-08-02,Denied,3290.22
CLM100818,PT10415,Medicaid,2026-04-13,Paid,127.82
CLM100457,PT10418,Medicaid,2026-03-14,Paid,2130.91
CLM101471,PT10420,UnitedHealthcare,2026-05-12,Denied,1424.8
CLM100127,PT10422,Medicaid,2026-05-20,Paid,755.32
CLM102898,PT10423,Cigna,2026-06-13,Paid,1772.89
CLM100790,PT10424,Medicare,2026-07-10,Paid,1476.26
CLM100422,PT10427,,2026-07-29,Paid,357
CLM102769,PT10428,Medicaid,2026-05-21,Paid,3510.85
CLM102488,PT10429,Medicaid,2026-03-15,Paid,1607.43
CLM101521,PT10430,UnitedHealthcare,2026-07-16,Paid,1280.67
CLM101839,PT10433,Medicaid,2026-05-27,Paid,648.52
CLM100289,PT10435,"Blue Cross",2026-02-25,Paid,264.87
CLM101734,PT10436,"Blue Cross",2026-02-01,Paid,845.17
CLM101846,PT10437,UnitedHealthcare,2026-08-23,"Partially Paid",2473.75
CLM100467,PT10438,"Blue Cross",2026-02-19,Pending,2697.37
CLM100273,PT10440,Aetna,2026-01-18,Denied,2601.01
CLM100901,PT10442,"Blue Cross",2026-04-29,Paid,1193.92
CLM101878,PT10444,Cigna,2026-02-12,Pending,3716.23
CLM102446,PT10445,"Blue Cross",2026-08-26,Paid,1122.49
CLM102699,PT10446,UnitedHealthcare,2026-06-08,Paid,2062.42
CLM102758,PT10447,Medicaid,2026-06-18,Paid,927.78
CLM102755,PT10448,Cigna,2026-07-13,Pending,1995.46
CLM100628,PT10449,Aetna,2026-08-31,Paid,576.74
CLM100107,PT10450,Medicaid,2026-01-16,Paid,235.18
CLM100252,PT10451,"Blue Cross",2026-06-23,Paid,2168.62
CLM101205,PT10453,"Blue Cross",2026-02-21,"Partially Paid",1198.45
CLM102058,PT10454,Cigna,2026-03-20,Paid,3455.21
CLM102739,PT10459,Medicare,2026-03-31,Paid,3824.81
CLM102188,PT10461,Aetna,2026-07-20,Paid,2296.43
CLM102690,PT10462,Cigna,2026-02-10,Denied,2535.75
CLM102499,PT10466,UnitedHealthcare,2026-06-27,Paid,4043.71
CLM100191,PT10467,Medicaid,2026-04-24,Paid,970.03
CLM102998,PT10468,Medicaid,2026-05-09,"Partially Paid",1474.67
CLM100643,PT10469,UnitedHealthcare,2026-06-01,Denied,3595.49
CLM101942,PT10471,Cigna,2026-05-31,Denied,2572.49
CLM101649,PT10472,Medicaid,2026-06-24,Denied,2181.74
CLM100979,PT10474,Medicaid,2026-06-05,Pending,2188.99
CLM101361,PT10475,Aetna,2026-06-26,Paid,1738.59
CLM102075,PT10476,"Blue Cross",2026-06-09,Denied,4099.92
CLM100981,PT10477,"Blue Cross",2026-02-01,Paid,3733.83
CLM102430,PT10478,Aetna,2026-08-25,Paid,3245.96
CLM101561,PT10481,"Blue Cross",2026-01-18,Paid,3655.75
CLM102823,PT10483,Medicaid,2026-06-18,Paid,3448.23
CLM101514,PT10484,Aetna,2026-07-28,Paid,2849.68
CLM102835,PT10486,UnitedHealthcare,2026-05-21,Denied,232.11
CLM102708,PT10487,Cigna,2026-01-19,Paid,2863.62
CLM101440,PT10488,Medicaid,2026-06-16,Paid,1586.54
CLM102568,PT10489,Cigna,2026-08-03,Denied,1893.8
CLM102798,PT10490,Aetna,2026-04-13,Paid,2434.7
CLM102770,PT10492,"Blue Cross",2026-04-27,Paid,489.48
CLM101997,PT10493,Aetna,2026-08-17,Denied,3155.66
CLM102475,PT10498,"Blue Cross",2026-04-29,Paid,1854.83
CLM101308,PT10499,UnitedHealthcare,2026-05-16,Pending,3504.14
CLM101936,PT10500,Cigna,2026-06-11,Paid,3728.97
CLM101513,PT10501,UnitedHealthcare,2026-06-19,Paid,2863.74
CLM100670,PT10502,Aetna,2026-08-29,Paid,807.09
CLM101876,PT10505,Medicaid,2026-04-19,Paid,898.74
CLM102682,PT10506,Medicaid,2026-03-18,"Partially Paid",3106.89
CLM102413,PT10507,Aetna,2026-01-19,Pending,1904.88
CLM100581,PT10508,Medicaid,2026-01-30,Paid,1452.06
CLM100055,PT10510,UnitedHealthcare,2026-06-01,Denied,2137.29
CLM102126,PT10511,Medicare,2026-01-20,Paid,775.02
CLM101457,PT10513,Cigna,2026-09-01,Denied,2976.23
CLM102926,PT10515,Cigna,2026-01-07,Paid,2031.96
CLM102888,PT10516,Aetna,2026-05-26,Paid,1610.58
CLM100623,PT10517,Medicare,2026-08-10,Paid,2323
CLM102267,PT10518,"Blue Cross",2026-08-04,Paid,2402.3
CLM101670,PT10519,"Blue Cross",2026-08-07,Denied,1987.08
CLM102718,PT10522,Cigna,2026-08-19,Paid,2968.74
CLM101743,PT10525,Medicare,2026-02-15,Paid,2750.77
CLM100832,PT10526,UnitedHealthcare,2026-04-07,Denied,1658.08
CLM100694,PT10527,"Blue Cross",2026-04-15,Denied,2679.7
CLM102115,PT10528,UnitedHealthcare,2026-03-13,Denied,1587.08
CLM100988,PT10529,Cigna,2026-06-14,Paid,1079.58
CLM101025,PT10531,Cigna,2026-06-28,Paid,3133.9
CLM102844,PT10534,Aetna,2026-05-29,"Partially Paid",2338.97
CLM100173,PT10535,Cigna,2026-06-07,Paid,2941.96
CLM101271,PT10540,Aetna,2026-04-05,Denied,3570.54
CLM100466,PT10541,"Blue Cross",2026-07-13,Paid,3661.07
CLM102361,PT10542,UnitedHealthcare,2026-04-30,"Partially Paid",2102.94
CLM101642,PT10543,UnitedHealthcare,2026-08-03,Paid,1382.58
CLM102257,PT10545,Cigna,2026-02-09,Paid,1951.54
CLM102546,PT10546,"Blue Cross",2026-05-15,Paid,2845.42
CLM102757,PT10548,Medicaid,2026-04-04,Paid,3941.66
CLM101549,PT10549,Cigna,2026-04-29,Paid,1172.51
CLM100138,PT10550,Medicare,2026-06-27,"Partially Paid",1174.35
CLM102195,PT10552,Cigna,2026-06-11,Paid,112.48
CLM100298,PT10553,"Blue Cross",2026-05-06,Paid,140.96
CLM102311,PT10554,Medicaid,2026-07-08,Denied,4013.63
CLM101541,PT10555,"Blue Cross",2026-05-02,Paid,3115.41
CLM101213,PT10557,Medicare,2026-06-05,Paid,3230.83
CLM101566,PT10559,Medicaid,2026-07-21,Paid,2468.02
CLM101801,PT10563,Aetna,2026-08-01,Denied,1579.57
CLM102917,PT10565,Medicaid,2026-06-05,Paid,1545.71
CLM101209,PT10566,Medicare,2026-04-20,Paid,1875.81
CLM102089,PT10568,Aetna,2026-08-30,Paid,4169.32
CLM100219,PT10569,"Blue Cross",2026-06-22,Paid,2364.86
CLM101574,PT10570,"Blue Cross",2026-04-13,Pending,3837.38
CLM102884,PT10571,Cigna,2026-04-23,"Partially Paid",2411.94
CLM100433,PT10572,UnitedHealthcare,2026-02-17,Paid,3540.32
CLM101983,PT10573,Medicaid,2026-07-13,Paid,1065.51
CLM101037,PT10574,Medicare,2026-06-24,Paid,1338.47
CLM101635,PT10576,Medicaid,2026-06-22,Paid,3080.29
CLM100897,PT10577,Aetna,2026-05-18,Paid,2298.82
CLM100034,PT10580,Medicare,2026-08-16,"Partially Paid",2537.56
CLM101072,PT10582,Cigna,2026-01-17,Paid,-1998.91
CLM102626,PT10585,Cigna,2026-03-09,"Partially Paid",3055.11
CLM100804,PT10586,UnitedHealthcare,2026-07-29,Paid,2921.75
CLM101544,PT10587,Medicaid,2026-07-10,"Partially Paid",1545.44
CLM100986,PT10588,Medicare,2026-04-27,Denied,138.49
CLM102784,PT10590,"Blue Cross",2026-05-13,Denied,1823.75
CLM101925,PT10591,"Blue Cross",2026-05-21,Paid,2131.99
CLM102217,PT10592,Aetna,2026-07-11,Paid,1717.43
CLM100483,PT10593,UnitedHealthcare,2026-01-21,Paid,261.3
CLM100112,PT10594,"Blue Cross",2026-04-04,Paid,4163.28
CLM101659,PT10595,Medicaid,2026-01-24,Pending,2550.31
CLM101132,PT10596,Medicaid,2026-04-21,Paid,1705.64
CLM102320,PT10598,Aetna,2026-08-10,"Partially Paid",3454.82
CLM100013,PT10600,Medicare,2026-04-10,"Partially Paid",2779.42
CLM100533,PT10604,Cigna,2026-05-18,Paid,1346.52
CLM101302,PT10605,UnitedHealthcare,2026-02-09,Paid,1106.6
CLM102199,PT10606,"Blue Cross",2026-04-28,Paid,3754.95
CLM101459,PT10607,UnitedHealthcare,2026-05-01,Paid,3176.89
CLM101035,PT10608,"Blue Cross",2026-04-12,Paid,2219.56
CLM101477,PT10609,Medicaid,2026-05-04,Paid,3345.53
CLM101607,PT10611,,2026-05-17,Denied,1998.14
CLM102373,PT10613,Medicare,2026-04-21,Denied,1964.05
CLM100393,PT10615,UnitedHealthcare,2026-06-25,Paid,609.43
CLM100211,PT10616,Medicare,2026-03-19,Paid,1868.71
CLM102334,PT10617,Aetna,2026-04-10,Denied,1565.43
CLM101689,PT10618,UnitedHealthcare,2026-05-02,Denied,3444.68
CLM102471,PT10620,Cigna,2026-04-06,Paid,2206.59
CLM102511,PT10621,UnitedHealthcare,2026-08-14,Denied,4013.61
CLM100487,PT10623,Medicare,2026-02-19,Paid,3763.2
CLM100922,PT10625,Medicaid,2026-08-17,Pending,3918.6
CLM102459,PT10626,Aetna,2026-07-14,"Partially Paid",781.29
CLM100814,PT10627,Cigna,2026-07-15,Paid,1676.94
CLM101222,PT10629,Cigna,2026-07-24,Paid,1698.97
CLM101011,PT10630,Aetna,2026-01-11,Pending,685.02
CLM101944,PT10631,Medicaid,2026-07-05,Denied,3894.9
CLM100505,PT10634,Medicare,2026-03-31,Paid,1245.45
CLM101347,PT10635,Aetna,2026-04-03,Denied,440.89
CLM100687,PT10636,Aetna,2026-01-31,Denied,3209.87
CLM101277,PT10637,Aetna,2026-05-20,Paid,2949.84
CLM102861,PT10638,UnitedHealthcare,2026-03-29,Paid,3015.8
CLM100946,PT10639,Cigna,2026-02-23,Pending,3943.55
CLM101888,PT10641,Aetna,2026-07-28,Paid,3236.35
CLM102345,PT10642,Medicaid,2026-07-07,"Partially Paid",3667.88
CLM102495,PT10643,Medicaid,2026-07-14,Denied,1689.11
CLM102216,PT10645,Medicare,2026-08-14,Paid,1580.16
CLM100708,PT10646,Medicaid,2026-06-16,"Partially Paid",3618.8
CLM100704,PT10647,Cigna,2026-07-01,Paid,237.99
CLM100188,PT10648,"Blue Cross",2026-07-06,Paid,2052.08
CLM100334,PT10649,UnitedHealthcare,2026-07-25,"Partially Paid",4177.89
CLM100798,PT10650,Aetna,2026-02-01,Paid,4039.77
CLM101153,PT10651,"Blue Cross",2026-08-25,Paid,1025.56
CLM100222,PT10652,Aetna,2026-07-11,Paid,1453.68
CLM101225,PT10654,UnitedHealthcare,2026-08-30,Paid,3675.9
CLM102910,PT10655,Cigna,2026-01-13,Paid,2327.39
CLM101013,PT10658,UnitedHealthcare,2026-05-01,Denied,2495.9
CLM100794,PT10659,Medicaid,2026-02-28,Paid,2464.9
CLM100971,PT10661,UnitedHealthcare,2026-06-20,Paid,870.23
CLM100826,PT10666,Cigna,2026-08-06,Paid,1819.39
CLM102673,PT10668,Medicaid,2026-05-09,Paid,1226.36
CLM100190,PT10669,"Blue Cross",2026-06-18,Paid,1685.67
CLM100114,PT10671,"Blue Cross",2026-02-25,Paid,3457.1
CLM101595,PT10675,"Blue Cross",2026-06-27,Paid,3432.08
CLM102572,PT10676,Cigna,2026-03-19,Paid,1518.86
CLM101860,PT10677,Medicaid,2026-06-01,"Partially Paid",2821.25
CLM101330,PT10678,Aetna,2026-02-03,Paid,4011.59
CLM100634,PT10679,Aetna,2026-07-23,Paid,1193.12
CLM101643,PT10680,Cigna,2026-08-05,Denied,3852.03
CLM101631,PT10682,Cigna,2026-08-04,Pending,104.54
CLM101128,PT10683,Medicare,2026-05-20,Paid,857.58
CLM100695,PT10684,UnitedHealthcare,2026-05-29,Paid,2422.34
CLM100060,PT10685,Medicaid,2026-08-29,Denied,1946.41
CLM100591,PT10687,"Blue Cross",2026-01-07,Pending,498.86
CLM101401,PT10688,Cigna,2026-08-09,Paid,2233.87
CLM100960,PT10689,Aetna,2026-08-07,Paid,2741.39
CLM101577,PT10692,Medicaid,2026-05-27,Paid,3783.57
CLM100302,PT10693,Aetna,2026-03-09,"Partially Paid",2691.57
CLM102847,PT10696,Aetna,2026-04-04,Paid,819.1
CLM100763,PT10697,"Blue Cross",2026-06-27,Paid,965.77
CLM102963,PT10698,Medicaid,2026-06-24,Pending,1208.53
CLM101569,PT10699,"Blue Cross",2026-02-12,Paid,1054.3
CLM100038,PT10700,UnitedHealthcare,2026-03-28,Paid,1778.33
CLM101690,PT10702,Cigna,2026-04-03,Paid,494.77
CLM100750,PT10703,Aetna,2026-07-03,Paid,4114.65
CLM100983,PT10705,Medicaid,2026-06-10,Paid,405.23
CLM102809,PT10707,"Blue Cross",2026-08-11,Denied,3990.31
CLM100642,PT10713,UnitedHealthcare,2026-08-15,Denied,2122.34
CLM102601,PT10714,Medicare,2026-06-19,Paid,1402.26
CLM100116,PT10717,Cigna,2026-04-11,Paid,2086.55
CLM100098,PT10719,Cigna,2026-06-28,Paid,2334.07
CLM100146,PT10720,"Blue Cross",2026-07-27,Paid,630.81
CLM101080,PT10721,Cigna,2026-05-15,Denied,3390.26
CLM101798,PT10722,Cigna,2026-05-11,Paid,4190.66
CLM100719,PT10724,Aetna,2026-06-11,Pending,1163.06
CLM100599,PT10726,Cigna,2026-08-26,"Partially Paid",3672.72
CLM102894,PT10727,Aetna,2026-06-21,Paid,1415.67
CLM102742,PT10729,Aetna,2026-05-31,"Partially Paid",2207.48
CLM101192,PT10730,UnitedHealthcare,2026-08-08,Paid,2294.61
CLM102918,PT10732,Cigna,2026-04-29,Paid,202.03
CLM101284,PT10733,Cigna,2026-05-10,Paid,2992.84
CLM102856,PT10734,Aetna,2026-06-04,Paid,1703.59
CLM101410,PT10735,Aetna,2026-08-20,"Partially Paid",712.6
CLM100684,PT10738,UnitedHealthcare,2026-05-17,Pending,2010.54
CLM101946,PT10742,UnitedHealthcare,2026-02-04,Denied,3119.82
CLM102897,PT10745,Cigna,2026-08-26,Paid,3852.68
CLM102178,PT10746,Medicaid,2026-06-20,Paid,1486.64
CLM100040,PT10747,UnitedHealthcare,2026-05-15,Paid,327.87
CLM101662,PT10748,"Blue Cross",2026-04-02,Paid,1347.39
CLM102923,PT10749,"Blue Cross",2026-01-15,Paid,1638.7
CLM102455,PT10750,Aetna,2026-04-03,Pending,1368.06
CLM100498,PT10752,UnitedHealthcare,2026-04-28,"Partially Paid",2695.17
CLM100373,PT10753,Medicaid,2026-04-11,Paid,1672.6
CLM101325,PT10754,Cigna,2026-03-13,Paid,3613.29
CLM100812,PT10757,Cigna,2026-04-26,Paid,1475.99
CLM102573,PT10758,Cigna,2026-05-23,Denied,2522.85
CLM102335,PT10760,Medicaid,2026-08-16,Denied,1495.22
CLM102375,PT10761,Medicare,2026-01-29,Paid,3938.88
CLM102741,PT10762,Cigna,2026-05-07,Paid,309.76
CLM101056,PT10764,Aetna,2026-04-25,Paid,1943.85
CLM101389,PT10765,Medicaid,2026-04-08,Paid,759.55
CLM102727,PT10766,Aetna,2026-05-30,"Partially Paid",4133.83
CLM102465,PT10767,Aetna,2026-06-11,Paid,2576.69
CLM100206,PT10771,Cigna,2026-07-28,Paid,3616.99
CLM102654,PT10772,"Blue Cross",2026-01-06,"Partially Paid",3797.23
CLM100354,PT10773,"Blue Cross",2026-06-03,Paid,682.06
CLM102062,PT10774,"Blue Cross",2026-05-28,Paid,4106.32
CLM100572,PT10776,Aetna,2026-06-14,Paid,2839.34
CLM102066,PT10778,Medicaid,2026-08-07,Denied,1337.82
CLM100012,PT10780,Aetna,2026-04-14,Paid,3755.39
CLM102672,PT10781,"Blue Cross",2026-02-08,"Partially Paid",2274.49
CLM100051,PT10783,UnitedHealthcare,2026-06-23,Denied,3881.26
CLM102689,PT10784,Aetna,2026-02-15,Pending,1224.82
CLM101465,PT10786,Medicare,2026-05-24,Denied,1098.28
CLM100656,PT10787,"Blue Cross",2026-01-17,Paid,154.56
CLM100505,PT10792,Cigna,2026-03-16,Denied,3663.09
CLM101430,PT10793,Medicare,2026-05-21,Denied,3313.75
CLM102398,PT10794,Medicaid,2026-08-24,Paid,1638.97
CLM100443,PT10795,Medicare,2026-05-30,Paid,849.02
CLM100071,PT10796,"Blue Cross",2026-04-13,Paid,723.7
CLM101819,PT10797,Medicare,2026-05-28,Paid,287.35
CLM101478,PT10798,UnitedHealthcare,2026-02-10,Paid,1027.44
CLM101744,PT10800,"Blue Cross",2026-05-08,Paid,2655.31
CLM100836,PT10801,Cigna,2026-03-04,Paid,1214.49
CLM101786,PT10802,Aetna,2026-08-14,Paid,3137.61
CLM102072,PT10804,UnitedHealthcare,2026-07-29,Paid,3665.58
CLM100367,PT10805,Medicare,2026-04-15,Pending,2749.64
CLM100264,PT10806,UnitedHealthcare,2026-02-03,Paid,1384.02
CLM100079,PT10809,UnitedHealthcare,2026-07-08,Paid,3335.31
CLM101409,PT10810,Medicaid,2026-04-06,Paid,1807.73
CLM101599,PT10813,Medicare,2026-05-29,Paid,461.16
CLM100835,PT10814,Aetna,2026-03-12,Paid,1102.73
CLM101113,PT10816,Cigna,2026-04-15,Paid,3914.38
CLM100445,PT10817,"Blue Cross",2026-08-19,"Partially Paid",2415.75
CLM101172,PT10819,Medicare,2026-02-07,Denied,1767.2
CLM101235,PT10820,Aetna,2026-04-06,Denied,2401.54
CLM101435,PT10822,"Blue Cross",2026-07-15,Paid,1577.22
CLM100650,PT10823,Cigna,2026-02-26,Pending,302.31
CLM102538,PT10824,Medicare,2026-07-08,Paid,3785.24
CLM101560,PT10825,Cigna,2026-07-06,Pending,3663.29
CLM102969,PT10826,"Blue Cross",2026-08-04,Pending,2205.95
CLM102207,PT10828,Cigna,2026-06-07,Paid,3313.36
CLM101396,PT10829,Medicaid,2026-05-03,Denied,3489.57
CLM102342,PT10830,Medicare,2026-01-07,Denied,1634.44
CLM102761,PT10833,Medicaid,2026-08-19,Denied,206.55
CLM100563,PT10834,Medicaid,2026-04-13,Paid,3385.76
CLM102298,PT10836,"Blue Cross",2026-05-20,Paid,1878.11
CLM101991,PT10838,Cigna,2026-04-17,Paid,1020.05
CLM100987,PT10839,Cigna,2026-08-15,Paid,3202.42
CLM102952,PT10840,Medicare,2026-06-17,Paid,1860.69
CLM100192,PT10841,UnitedHealthcare,2026-06-29,Paid,1014.8
CLM100973,PT10842,Medicare,2026-07-12,Denied,3485.82
CLM101714,PT10844,Medicare,2026-04-25,Paid,917.74
CLM100813,PT10845,"Blue Cross",2026-03-29,Denied,1279.97
CLM102023,PT10846,Aetna,2026-03-15,Denied,1965.26
CLM101451,PT10847,Medicaid,2026-05-17,Paid,1197.91
CLM100779,PT10848,UnitedHealthcare,2026-03-27,Paid,1292.52
CLM102962,PT10849,"Blue Cross",2026-07-30,Paid,4063.89
CLM101953,PT10850,UnitedHealthcare,2026-08-09,Paid,3852.4
CLM101259,PT10852,UnitedHealthcare,2026-06-09,Paid,2951.05
CLM100492,PT10855,Medicaid,2026-08-28,Pending,3480.19
CLM102476,PT10857,Medicaid,2026-06-02,Denied,1783.98
CLM102156,PT10859,Aetna,2026-04-04,"Partially Paid",353.68
CLM101424,PT10860,Aetna,2026-06-23,Paid,117
CLM101283,PT10863,"Blue Cross",2026-02-28,Paid,4162.05
CLM102052,PT10864,Medicare,2026-05-26,Pending,2801.87
CLM102735,PT10868,Cigna,2026-06-28,Paid,666.65
CLM100958,PT10870,Aetna,2026-04-23,Paid,2895.94
CLM102836,PT10872,Medicare,2026-05-29,Pending,4163.09
CLM102678,PT10874,Medicaid,2026-03-22,Paid,4105.56
CLM101988,PT10875,Aetna,2026-04-10,Paid,2129.02
CLM101772,PT10878,UnitedHealthcare,2026-05-02,Paid,3660.22
CLM101186,PT10880,"Blue Cross",2026-06-02,Denied,2483.09
CLM100738,PT10882,Medicare,2026-06-01,Paid,368.44
CLM100183,PT10884,UnitedHealthcare,2026-07-12,Paid,2579.02
CLM101258,PT10887,Medicare,2026-06-16,Paid,1283.57
CLM101550,PT10890,UnitedHealthcare,2026-02-12,Paid,348.87
CLM102664,PT10892,"Blue Cross",2026-08-04,Paid,1443.25
CLM101940,PT10894,Aetna,2026-08-04,Paid,2246.56
CLM100403,PT10895,UnitedHealthcare,2026-06-13,Paid,3589.65
CLM100469,PT10896,Medicaid,2026-02-03,Pending,113.22
CLM102006,PT10897,Medicaid,2026-07-15,Paid,3331.39
CLM101523,PT10899,"Blue Cross",2026-06-16,Denied,1239.03
CLM101155,PT10902,Medicare,2026-05-05,Paid,1693.47
CLM102172,PT10904,UnitedHealthcare,2026-02-18,"Partially Paid",2215.61
CLM102710,PT10906,Aetna,2026-07-09,Pending,2119.69
CLM102260,PT10907,"Blue Cross",2026-06-16,Denied,2968.82
CLM100257,PT10908,Medicare,2026-05-25,Paid,1875.95
CLM102444,PT10910,Aetna,2026-08-25,Denied,3698.6
CLM101023,PT10911,UnitedHealthcare,2026-04-25,Paid,1158.23
CLM101843,PT10912,"Blue Cross",2026-07-13,"Partially Paid",2264.81
CLM101144,PT10913,Cigna,2026-08-04,Denied,2459.05
CLM101842,PT10916,Aetna,2026-07-19,"Partially Paid",738
CLM101262,PT10917,Cigna,2026-06-02,Paid,3086.56
CLM100999,PT10918,Aetna,2026-08-17,Paid,3277.95
CLM100904,PT10919,Cigna,2026-08-10,Paid,3049.17
CLM101150,PT10920,Cigna,2026-01-25,Paid,3222.06
CLM101883,PT10921,Cigna,2026-08-07,Paid,512.42
CLM101509,PT10922,Medicaid,2026-08-31,Paid,205.4
CLM102045,PT10923,"Blue Cross",2026-02-28,"Partially Paid",2799.56
CLM101170,PT10924,"Blue Cross",2026-04-17,Pending,1650.58
CLM100008,PT10926,Aetna,2026-08-04,Paid,169.55
CLM102506,PT10927,"Blue Cross",2026-08-24,Paid,3062.85
CLM101337,PT10928,Aetna,2026-05-28,Paid,2259.34
CLM101900,PT10930,Aetna,2026-03-24,Paid,3146.84
CLM102816,PT10931,Medicaid,2026-03-31,Denied,605.87
CLM102119,PT10932,Medicare,2026-01-07,Pending,2734.86
CLM101293,PT10933,Cigna,2026-07-07,Paid,2564.23
CLM101044,PT10934,Medicare,2026-06-06,Paid,407.42
CLM101261,PT10935,,2026-07-14,Paid,733.12
CLM101223,PT10936,Cigna,2026-04-25,Denied,349.87
CLM100732,PT10938,UnitedHealthcare,2026-05-17,Pending,3021.01
CLM100534,PT10940,Medicare,2026-05-15,Paid,2110.28
CLM101102,PT10941,"Blue Cross",2026-08-06,Paid,594.06
CLM100263,PT10942,"Blue Cross",2026-07-25,Paid,265.58
CLM102999,PT10944,Medicare,2026-08-02,Paid,3580.5
CLM100583,PT10945,Medicaid,2026-07-21,Pending,1553.61
CLM102154,PT10946,"Blue Cross",2026-05-29,Pending,1977.8
CLM101699,PT10947,Aetna,2026-05-07,Paid,3347.9
CLM100068,PT10950,Medicare,2026-07-31,Paid,3610.15
CLM102642,PT10951,Aetna,2026-05-18,Paid,2802.63
CLM100214,PT10953,Aetna,2026-01-26,Paid,2269.29
CLM100734,PT10955,"Blue Cross",2026-02-16,Paid,1195.61
CLM100802,PT10956,Medicare,2026-07-11,Paid,1825.84
CLM102759,PT10958,Cigna,2026-06-17,Paid,1050.72
CLM102123,PT10960,Cigna,2026-05-07,Paid,2764.46
CLM101059,PT10961,Medicare,2026-06-22,Paid,2625.35
CLM101296,PT10964,Cigna,2026-04-14,Paid,485.43
CLM102495,PT10965,Cigna,2026-07-09,Paid,3546.77
CLM102300,PT10966,Medicare,2026-06-17,Paid,576.34
CLM100783,PT10967,Medicare,2026-03-30,Pending,766.85
CLM101589,PT10969,Aetna,2026-05-18,Paid,822.28
CLM102314,PT10970,Medicare,2026-04-28,Pending,3997.71
CLM102228,PT10971,"Blue Cross",2026-01-11,Denied,2686.17
CLM102393,PT10972,"Blue Cross",2026-03-13,Paid,2662.44
CLM100604,PT10975,Cigna,2026-04-15,Paid,2063.07
CLM102292,PT10976,"Blue Cross",2026-06-18,Paid,635.01
CLM101902,PT10977,UnitedHealthcare,2026-08-21,"Partially Paid",1753.08
CLM102873,PT10980,UnitedHealthcare,2026-04-24,Paid,2432.7
CLM102944,PT10981,Aetna,2026-01-24,"Partially Paid",511.57
CLM100391,PT10984,Cigna,2026-02-25,Paid,2189.33
CLM100930,PT10988,Medicare,2026-08-30,Pending,4035.94
CLM101320,PT10989,UnitedHealthcare,2026-05-10,Pending,3007.21
CLM101970,PT10990,Medicare,2026-05-02,Paid,2977.89
CLM100279,PT10991,Medicaid,2026-01-30,"Partially Paid",3017.78
CLM101363,PT10993,"Blue Cross",2026-03-15,Pending,363.76
CLM102905,PT10994,"Blue Cross",2026-02-02,Paid,1570.17
CLM101603,PT10996,Medicare,2026-02-08,Pending,1751.33
CLM100022,PT10997,Cigna,2026-04-23,Pending,2366.08
CLM101474,PT10998,Medicaid,2026-06-26,Pending,2686.58
CLM102893,PT11000,UnitedHealthcare,2026-06-27,Paid,3850.07
CLM102728,PT11002,UnitedHealthcare,2026-08-17,Paid,2670.91
CLM100102,PT11003,Cigna,2026-03-02,Paid,3650.32
CLM102255,PT11004,"Blue Cross",2026-07-31,Paid,3740.63
CLM101585,PT11005,Medicaid,2026-01-06,Denied,2578.72
CLM100939,PT11008,"Blue Cross",2026-05-26,Pending,524.78
CLM100539,PT11009,Medicare,2026-07-31,Paid,4116.79
CLM100155,PT11010,UnitedHealthcare,2026-08-15,Paid,-2077.75
CLM101207,PT11012,"Blue Cross",2026-03-03,Paid,4025.2
CLM100275,PT11013,"Blue Cross",2026-08-04,Paid,586.92
CLM102389,PT11015,Cigna,2026-08-10,Paid,740.3
CLM100749,PT11016,"Blue Cross",2026-05-17,Denied,1512.9
CLM101962,PT11018,Cigna,2026-02-19,Paid,2087.96
CLM100927,PT11020,"Blue Cross",2026-06-02,Pending,1373.09
CLM101484,PT11021,Medicare,2026-07-03,Denied,2569.89
CLM101627,PT11023,Medicaid,2026-01-18,Paid,2317.37
CLM101720,PT11024,Cigna,2026-04-20,Paid,2756.87
CLM100345,PT11025,Cigna,2026-07-02,Paid,715.09
CLM101001,PT11027,Medicaid,2026-04-07,Paid,2136.37
CLM101354,PT11029,"Blue Cross",2026-06-19,Denied,717.74
CLM101955,PT11030,Medicaid,2026-06-10,Paid,3935.82
CLM100084,PT11032,Medicaid,2026-06-16,Denied,682.99
CLM100839,PT11033,Medicaid,2026-08-20,Paid,3543.13
CLM100668,PT11034,Aetna,2026-06-02,Paid,2748.54
CLM100076,PT11035,Cigna,2026-07-24,Paid,2604.32
CLM101912,PT11036,Cigna,2026-04-22,Denied,2095.84
CLM101676,PT11038,Aetna,2026-08-05,Paid,2449.75
CLM101265,PT11041,"Blue Cross",2026-04-04,Paid,1127.32
CLM100105,PT11042,UnitedHealthcare,2026-07-31,Denied,4186.9
CLM102965,PT11044,Aetna,2026-06-26,Paid,1847.95
CLM102791,PT11046,Medicaid,2026-05-06,Paid,1163.39
CLM102550,PT11047,Medicaid,2026-01-15,Paid,2752.16
CLM102252,PT11048,Medicaid,2026-01-27,Pending,2633.72
CLM101815,PT11049,Medicare,2026-01-30,Paid,3332.47
CLM102956,PT11051,"Blue Cross",2026-03-22,Paid,2604.09
CLM100277,PT11052,"Blue Cross",2026-06-15,Paid,1775.75
CLM102041,PT11053,Cigna,2026-07-05,Paid,4025.55
CLM101101,PT11055,UnitedHealthcare,2026-02-01,"Partially Paid",1827
CLM101242,PT11057,"Blue Cross",2026-03-28,Paid,2167.57
CLM100151,PT11058,Aetna,2026-01-16,Paid,445.94
CLM102109,PT11059,Medicare,2026-02-26,Paid,2212.89
CLM102369,PT11061,UnitedHealthcare,2026-08-05,Denied,181.64
CLM100253,PT11063,Cigna,2026-08-09,Paid,165.3
CLM100225,PT11065,UnitedHealthcare,2026-01-22,Paid,112.31
CLM101671,PT11067,Medicare,2026-04-22,Paid,1814.66
CLM102022,PT11068,Aetna,2026-08-24,Paid,1093.38
CLM102508,PT11069,Aetna,2026-03-30,Pending,297.66
CLM100099,PT11073,UnitedHealthcare,2026-07-01,Pending,3309.33
CLM100092,PT11075,UnitedHealthcare,2026-06-27,Paid,155.4
CLM100453,PT11076,UnitedHealthcare,2026-08-28,Denied,3471.84
CLM102871,PT11077,"Blue Cross",2026-01-11,Paid,1216.13
CLM100280,PT11082,Cigna,2026-03-03,Paid,122.73
CLM101292,PT11083,UnitedHealthcare,2026-08-18,Pending,3551.98
CLM100560,PT11087,UnitedHealthcare,2026-07-10,"Partially Paid",172.24
CLM101698,PT11088,Cigna,2026-08-26,Paid,3088.46
CLM101617,PT11090,UnitedHealthcare,2026-05-14,Denied,3413.39
CLM100212,PT11097,Cigna,2026-06-29,Paid,1636.26
CLM100371,PT11099,"Blue Cross",2026-06-06,Paid,555.45
CLM101806,PT11100,Medicaid,2026-08-14,Paid,2257.94
CLM100675,PT11102,"Blue Cross",2026-08-03,Denied,1450.57
CLM100131,PT11103,"Blue Cross",2026-05-13,Paid,2398.16
CLM100207,PT11104,,2026-06-17,Denied,3389.05
CLM100500,PT11107,Medicaid,2026-05-20,Paid,3608.97
CLM101090,PT11112,Medicare,2026-07-08,Denied,1401.77
CLM102711,PT11114,Aetna,2026-08-21,Paid,2849.06
CLM100347,PT11115,UnitedHealthcare,2026-03-10,Denied,382.1
CLM101452,PT11116,Cigna,2026-04-24,Paid,3689.66
CLM101373,PT11119,Medicaid,2026-08-30,Paid,926.18
CLM102521,PT11121,Aetna,2026-07-30,Denied,3771.99
CLM100450,PT11122,Medicare,2026-07-09,Paid,1234.53
CLM100587,PT11123,UnitedHealthcare,2026-07-23,Paid,2787.4
CLM101653,PT11124,Medicaid,2026-08-03,Paid,1322.43
CLM100782,PT11125,Cigna,2026-08-08,Paid,3497.34
CLM100052,PT11126,Medicaid,2026-05-14,"Partially Paid",2700.6
CLM101082,PT11127,Medicaid,2026-04-28,"Partially Paid",3012.45
CLM102870,PT11129,Medicaid,2026-03-06,Paid,3243.45
CLM102192,PT11130,Aetna,2026-04-16,Denied,2391.48
CLM102831,PT11131,"Blue Cross",2026-04-19,Pending,4084.81
CLM101510,PT11135,Medicare,2026-07-07,Pending,435.32
CLM102975,PT11138,Aetna,2026-05-15,Pending,1699.22
CLM102707,PT11139,Cigna,2026-01-21,Paid,433.84
CLM101537,PT11141,Medicaid,2026-07-19,Denied,2626.57
CLM102218,PT11142,UnitedHealthcare,2026-08-12,"Partially Paid",1197.09
CLM102938,PT11144,Medicare,2026-07-23,Paid,926.92
CLM101733,PT11145,Cigna,2026-08-24,Denied,889.07
CLM102212,PT11146,"Blue Cross",2026-08-29,Paid,2875.78
CLM102144,PT11147,Medicare,2026-04-18,Paid,3004.29
CLM102496,PT11149,Medicare,2026-07-16,Paid,492.7
CLM100461,PT11151,Medicare,2026-02-20,"Partially Paid",1085.17
CLM102219,PT11152,UnitedHealthcare,2026-03-22,Paid,1549.06
CLM101014,PT11153,,2026-02-14,"Partially Paid",2821.09
CLM101923,PT11154,"Blue Cross",2026-04-21,Paid,3259
CLM101355,PT11155,Cigna,2026-05-20,Denied,2280.17
CLM101532,PT11156,Medicare,2026-08-31,Paid,3454.32
CLM101639,PT11159,Medicaid,2026-03-30,Denied,2989.84
CLM102316,PT11160,Medicaid,2026-05-30,Pending,2671.83
CLM102943,PT11162,Medicare,2026-07-28,Denied,258.93
CLM102978,PT11163,Aetna,2026-04-16,Paid,2651.94
CLM100931,PT11164,Aetna,2026-06-13,Paid,2553.07
CLM101149,PT11165,Medicare,2026-02-25,Paid,1367.01
CLM102695,PT11166,Medicaid,2026-06-22,Denied,2464.44
CLM102194,PT11167,UnitedHealthcare,2026-06-17,Denied,3108.65
CLM100415,PT11168,Cigna,2026-06-12,Pending,2421.83
CLM101160,PT11169,Cigna,2026-08-02,Paid,2375.63
CLM101601,PT11170,Aetna,2026-04-07,"Partially Paid",1834.99
CLM100586,PT11171,UnitedHealthcare,2026-08-07,Paid,851.16
CLM102462,PT11173,Cigna,2026-06-28,Paid,2172.92
CLM100705,PT11174,Medicaid,2026-05-17,Paid,4011.88
CLM102709,PT11175,Medicaid,2026-03-25,Paid,1805.17
CLM101368,PT11176,Medicaid,2026-03-13,Paid,1914.21
CLM100972,PT11178,Medicare,2026-02-22,Paid,2029.93
CLM101926,PT11179,"Blue Cross",2026-04-14,Pending,904.97
CLM100342,PT11180,UnitedHealthcare,2026-08-10,Denied,3952.34
CLM101909,PT11181,Medicaid,2026-05-25,Paid,4111.66
CLM101357,PT11182,Cigna,2026-08-21,Denied,2235.52
CLM101704,PT11183,"Blue Cross",2026-09-01,Denied,410.8
CLM101133,PT11184,Cigna,2026-01-21,Paid,4152.95
CLM100488,PT11186,Aetna,2026-05-06,Denied,1460.19
CLM100522,PT11189,Medicare,2026-05-16,Paid,3614.67
CLM100243,PT11191,UnitedHealthcare,2026-02-09,Paid,2893.95
CLM102951,PT11192,Medicare,2026-06-23,Paid,1584.17
CLM100820,PT11193,"Blue Cross",2026-07-17,Denied,2704.87
CLM100087,PT11197,Medicaid,2026-07-26,Denied,3353.07
CLM102736,PT11199,"Blue Cross",2026-01-16,Paid,3090.2
CLM101866,PT11200,Aetna,2026-07-16,Pending,531.37
CLM100414,PT11201,Medicare,2026-07-04,Pending,3870.9
CLM102914,PT11202,Aetna,2026-01-06,Paid,3341.74
CLM100911,PT11203,,2026-03-06,Paid,867.08
CLM100327,PT11204,Medicare,2026-08-02,Denied,564.06
CLM101937,PT11205,"Blue Cross",2026-07-02,Denied,1058.57
CLM102425,PT11206,Aetna,2026-05-20,Paid,2146.15
CLM102069,PT11210,"Blue Cross",2026-01-09,Paid,1773.38
CLM100491,PT11211,Cigna,2026-08-19,Paid,3006.2
CLM102407,PT11215,Medicaid,2026-05-20,Paid,1198.89
CLM100614,PT11216,UnitedHealthcare,2026-08-12,Paid,631.03
CLM100376,PT11217,Cigna,2026-02-27,Pending,3012.57
CLM101531,PT11218,Medicaid,2026-08-24,Paid,2446.96
CLM102501,PT11219,"Blue Cross",2026-06-05,Denied,1613.01
CLM102094,PT11220,"Blue Cross",2026-06-19,Paid,1095.15
CLM101791,PT11221,Medicaid,2026-01-18,Paid,2096.66
CLM102702,PT11222,Aetna,2026-07-09,Paid,3314.26
CLM101722,PT11223,Medicaid,2026-02-21,Paid,793.39
CLM101077,PT11224,"Blue Cross",2026-03-14,Paid,3167.15
CLM100968,PT11226,"Blue Cross",2026-08-07,Paid,1633.48
CLM101959,PT11228,Aetna,2026-01-29,Denied,3142.13
CLM100259,PT11229,Aetna,2026-08-19,Paid,2477.2
CLM100924,PT11230,"Blue Cross",2026-06-15,"Partially Paid",3941.72
CLM102990,PT11232,Medicare,2026-01-21,Denied,4061.83
CLM100499,PT11233,Medicaid,2026-02-25,"Partially Paid",3785.98
CLM101579,PT11234,Aetna,2026-06-28,Paid,1134.98
CLM100938,PT11236,Aetna,2026-07-15,Paid,1314.54
CLM102258,PT11239,UnitedHealthcare,2026-08-01,Paid,678.28
CLM100261,PT11240,Aetna,2026-08-14,Paid,1313.35
CLM102424,PT11241,Medicare,2026-03-09,Paid,630.97
CLM101582,PT11242,UnitedHealthcare,2026-04-15,Denied,938.58
CLM102282,PT11244,Medicare,2026-05-23,Paid,2356.24
CLM101279,PT11245,Aetna,2026-06-05,Denied,3351.43
CLM100210,PT11246,Cigna,2026-06-09,Paid,2627.59
CLM101034,PT11247,UnitedHealthcare,2026-02-11,Paid,2818.78
CLM100536,PT11250,UnitedHealthcare,2026-02-14,Paid,1526.66
CLM101551,PT11251,Medicaid,2026-06-20,Paid,4132.89
CLM100526,PT11252,UnitedHealthcare,2026-08-22,"Partially Paid",3177.42
CLM100057,PT11256,Medicaid,2026-08-05,Pending,3138.01
CLM102892,PT11258,Cigna,2026-08-29,Denied,4180.29
CLM102162,PT11259,Medicaid,2026-04-07,Paid,1508.79
CLM101123,PT11262,Medicaid,2026-06-26,Paid,848.93
CLM102858,PT11265,"Blue Cross",2026-02-27,Pending,553.63
CLM100323,PT11267,Aetna,2026-07-05,Denied,2878.94
CLM102869,PT11268,UnitedHealthcare,2026-05-30,Paid,3687.56
CLM100531,PT11269,Cigna,2026-06-14,Paid,3916.87
CLM102859,PT11274,Medicaid,2026-04-30,Paid,3762.71
CLM100933,PT11275,"Blue Cross",2026-03-23,Paid,2278.42
CLM101967,PT11276,UnitedHealthcare,2026-07-18,Paid,3863.61
CLM101189,PT11277,Aetna,2026-02-27,Denied,189.18
CLM101346,PT11279,Aetna,2026-03-31,"Partially Paid",3618.62
CLM101650,PT11280,Medicare,2026-08-21,Denied,3747.34
CLM100269,PT11281,Medicaid,2026-08-22,Paid,1235.14
CLM100396,PT11283,Medicaid,2026-05-13,Paid,955.72
CLM100029,PT11284,Cigna,2026-08-05,Paid,3741.19
CLM101873,PT11287,Medicare,2026-04-11,Paid,2744.13
CLM102661,PT11288,UnitedHealthcare,2026-07-10,Paid,2119.24
CLM102928,PT11289,Aetna,2026-06-17,Paid,3429.64
CLM102705,PT11290,Medicaid,2026-06-07,Paid,482.41
CLM100596,PT11294,Medicaid,2026-08-15,Paid,535.87
CLM102878,PT11296,Medicaid,2026-01-26,Paid,3589.2
CLM101469,PT11297,"Blue Cross",2026-05-07,Paid,790.34
CLM101910,PT11301,Cigna,2026-08-28,Paid,-157.57
CLM102510,PT11307,Medicare,2026-01-11,Paid,1351.61
CLM102920,PT11308,Medicare,2026-07-07,Denied,1573.64
CLM102185,PT11309,Aetna,2026-07-27,Paid,3519.58
CLM101489,PT11310,"Blue Cross",2026-08-14,Denied,862.93
CLM101092,PT11311,UnitedHealthcare,2026-08-17,Paid,1861.02
CLM102578,PT11314,UnitedHealthcare,2026-08-25,Paid,505.91
CLM102414,PT11315,Medicare,2026-01-10,Denied,4113.62
CLM102640,PT11316,Medicare,2026-04-12,Denied,-1443.16
CLM102996,PT11317,UnitedHealthcare,2026-08-11,Paid,254.9
CLM100217,PT11320,Medicare,2026-06-29,Pending,2401.14
CLM100515,PT11321,Medicare,2026-08-14,Paid,2206.75
CLM101365,PT11322,Aetna,2026-07-30,Paid,3907.96
CLM100255,PT11324,Aetna,2026-06-06,Paid,2569.59
CLM100026,PT11326,"Blue Cross",2026-08-24,Paid,955.48
CLM101198,PT11327,Medicaid,2026-04-30,Pending,3698.32
CLM101289,PT11329,"Blue Cross",2026-08-09,Paid,434.93
CLM102737,PT11330,Cigna,2026-04-04,Paid,1360.4
CLM102618,PT11332,Medicaid,2026-02-06,Paid,1405.12
CLM101247,PT11333,"Blue Cross",2026-05-01,"Partially Paid",2013.44
CLM100335,PT11334,Medicaid,2026-08-14,Paid,1896.31
CLM101505,PT11335,UnitedHealthcare,2026-06-26,Paid,2460.11
CLM100392,PT11336,Aetna,2026-07-10,"Partially Paid",876.76
CLM101619,PT11337,Medicaid,2026-08-30,Denied,400.09
CLM101121,PT11338,Medicaid,2026-05-26,Pending,3982.48
CLM102887,PT11339,Aetna,2026-03-24,Paid,1676.63
CLM100716,PT11340,UnitedHealthcare,2026-02-10,Paid,2563.74
CLM101306,PT11341,Medicare,2026-05-03,Denied,4121.01
CLM100475,PT11342,Aetna,2026-04-01,Paid,3027.33
CLM100712,PT11344,Medicare,2026-08-30,Denied,282.62
CLM102880,PT11347,Medicare,2026-03-07,Paid,1006.8
CLM102365,PT11349,Cigna,2026-08-28,"Partially Paid",3889.09
CLM102774,PT11350,Medicare,2026-07-05,"Partially Paid",1498.66
CLM102096,PT11351,"Blue Cross",2026-03-25,"Partially Paid",449.98
CLM101960,PT11352,"Blue Cross",2026-07-30,Paid,1750.88
CLM100919,PT11355,Medicare,2026-01-28,Paid,2696.13
CLM101971,PT11359,Medicare,2026-02-09,Denied,340.93
CLM100977,PT11360,Cigna,2026-02-02,Denied,809.02
CLM101062,PT11362,Aetna,2026-04-06,Paid,3344.32
CLM100517,PT11365,Cigna,2026-03-02,Paid,1053.09
CLM100147,PT11367,Medicaid,2026-06-27,Paid,1988.87
CLM100644,PT11371,Aetna,2026-06-12,Paid,3584.85
CLM100195,PT11372,Medicaid,2026-05-26,Denied,999.29
CLM101341,PT11373,Aetna,2026-05-03,Paid,347.63
CLM100723,PT11376,Aetna,2026-08-20,Paid,1944.93
CLM100497,PT11377,UnitedHealthcare,2026-06-03,Paid,718.23
CLM102813,PT11380,Aetna,2026-01-13,Denied,1884.61
CLM100148,PT11383,Medicare,2026-02-03,Paid,3116.23
CLM101058,PT11384,"Blue Cross",2026-08-28,Paid,131.21
CLM102542,PT11385,Aetna,2026-04-26,Paid,2043.03
CLM100847,PT11386,Medicaid,2026-06-30,Paid,3111.88
CLM100944,PT11388,Medicare,2026-07-26,Paid,4199.7
CLM102747,PT11389,Medicaid,2026-01-09,Denied,2386.15
CLM101638,PT11390,Cigna,2026-06-02,Paid,546.04
CLM100176,PT11391,Medicare,2026-01-10,Paid,1765.6
CLM101632,PT11392,Aetna,2026-08-04,Denied,3724.27
CLM100141,PT11393,Medicaid,2026-06-04,Paid,790.61
CLM102931,PT11394,UnitedHealthcare,2026-05-13,Paid,250.77
CLM101383,PT11395,Aetna,2026-04-23,Paid,926.81
CLM102304,PT11398,Aetna,2026-04-17,Denied,1945.99
CLM100462,PT11399,Aetna,2026-06-25,Denied,1072.69
CLM100777,PT11401,Cigna,2026-08-03,Denied,1015.05
CLM102981,PT11402,"Blue Cross",2026-06-19,Denied,1036
CLM102405,PT11403,Cigna,2026-08-10,Paid,4189.91
CLM102901,PT11404,Medicaid,2026-07-23,Paid,789.8
CLM101188,PT11408,,2026-06-24,Paid,1663.89
CLM102357,PT11410,Medicare,2026-02-01,Paid,2851
CLM101427,PT11411,Aetna,2026-05-15,Pending,3447.95
CLM101807,PT11413,Aetna,2026-08-20,"Partially Paid",3623.75
CLM101717,PT11414,Cigna,2026-06-22,Paid,4174.41
CLM101498,PT11416,Medicare,2026-05-27,Denied,1794.07
CLM100075,PT11417,Medicaid,2026-08-03,Pending,536.31
CLM101407,PT11418,"Blue Cross",2026-04-24,Paid,3037.85
CLM100110,PT11420,UnitedHealthcare,2026-08-26,Paid,1437.23
CLM100428,PT11421,UnitedHealthcare,2026-03-24,"Partially Paid",1995.11
CLM101206,PT11422,UnitedHealthcare,2026-08-14,Denied,628.42
CLM100576,PT11423,Medicaid,2026-06-20,"Partially Paid",2673.09
CLM100101,PT11424,UnitedHealthcare,2026-05-07,Paid,1945.52
CLM100139,PT11427,UnitedHealthcare,2026-06-29,Paid,794.96
CLM101564,PT11428,UnitedHealthcare,2026-04-05,Paid,3108.25
CLM101710,PT11430,Aetna,2026-06-05,Pending,2876.12
CLM100535,PT11432,Aetna,2026-06-18,Paid,1881.56
CLM102356,PT11433,"Blue Cross",2026-08-05,Denied,1741.39
CLM101194,PT11435,"Blue Cross",2026-06-15,Paid,2581.98
CLM100425,PT11436,Cigna,2026-08-13,Pending,3300.07
CLM100700,PT11438,"Blue Cross",2026-07-23,Denied,2310.76
CLM101190,PT11439,Aetna,2026-07-18,Paid,3248.47
CLM102202,PT11441,Medicare,2026-05-04,Paid,1764.28
CLM102696,PT11442,Medicaid,2026-05-25,Paid,3275.37
CLM101835,PT11443,"Blue Cross",2026-01-22,Paid,3589.52
CLM100807,PT11445,Aetna,2026-02-04,Denied,2799.67
CLM100789,PT11446,Aetna,2026-06-30,Denied,3561.79
CLM101466,PT11447,Medicare,2026-08-10,Paid,2869.8
CLM100926,PT11448,"Blue Cross",2026-04-16,Paid,920.42
CLM102158,PT11450,"Blue Cross",2026-08-05,Paid,4156.64
CLM100310,PT11451,Medicare,2026-02-16,Paid,2651.43
CLM101310,PT11452,Cigna,2026-06-04,Pending,2082.97
CLM102098,PT11453,Aetna,2026-04-04,Paid,3173.13
CLM102118,PT11454,Medicaid,2026-02-13,Denied,-2159.03
CLM102558,PT11455,UnitedHealthcare,2026-04-05,"Partially Paid",205.24
CLM102670,PT11456,Medicaid,2026-05-12,Denied,798.97
CLM100291,PT11458,UnitedHealthcare,2026-07-22,Paid,797.36
CLM100160,PT11459,Aetna,2026-07-25,Paid,3914.83
CLM102448,PT11460,UnitedHealthcare,2026-08-24,Denied,1324.91
CLM101028,PT11461,Cigna,2026-05-18,Paid,2898.99
CLM102272,PT11463,Medicare,2026-04-06,Pending,1513.47
CLM102232,PT11465,"Blue Cross",2026-08-30,Paid,4151.19
CLM100549,PT11467,Medicare,2026-08-17,Paid,3862.29
CLM100792,PT11468,UnitedHealthcare,2026-03-08,Paid,3540.11
CLM101656,PT11469,Medicaid,2026-06-25,Paid,2577.03
CLM101809,PT11470,Medicare,2026-07-09,Paid,2479.7
CLM100659,PT11472,UnitedHealthcare,2026-07-13,Paid,340.43
CLM100621,PT11473,"Blue Cross",2026-04-12,Denied,654.97
CLM101004,PT11474,"Blue Cross",2026-05-28,Paid,2150.16
CLM101446,PT11476,"Blue Cross",2026-01-28,Paid,802.41
CLM102254,PT11479,Aetna,2026-06-22,"Partially Paid",2561.7
CLM101966,PT11483,UnitedHealthcare,2026-04-22,Paid,1408.83
CLM102586,PT11484,Cigna,2026-07-16,"Partially Paid",1851.76
CLM100564,PT11485,UnitedHealthcare,2026-07-26,Pending,3914.97
CLM101654,PT11487,"Blue Cross",2026-02-18,"Partially Paid",2629.66
CLM102227,PT11489,Medicare,2026-03-14,Paid,1392.26
CLM102872,PT11490,Medicaid,2026-08-05,Paid,1244.62
CLM102539,PT11492,Aetna,2026-04-04,Paid,326.26
CLM101130,PT11493,"Blue Cross",2026-07-08,Denied,2368.75
CLM100338,PT11497,Medicare,2026-02-05,Paid,695.19
CLM101558,PT11499,Medicaid,2026-08-20,Paid,1444.6
CLM102974,PT11505,Cigna,2026-07-21,Denied,2469.11
CLM101145,PT11506,Medicare,2026-07-10,Pending,3930.26
CLM100775,PT11509,"Blue Cross",2026-06-13,Denied,904.64
CLM102591,PT11510,UnitedHealthcare,2026-06-30,Paid,3734.49
CLM102014,PT11512,Medicare,2026-05-27,"Partially Paid",2952.63
CLM102886,PT11513,Medicare,2026-07-13,Denied,1472.72
CLM100809,PT11516,Medicare,2026-07-07,Paid,3637.96
CLM100910,PT11517,Medicare,2026-07-11,Paid,2187.14
CLM101326,PT11518,Cigna,2026-01-17,Paid,3831.87
CLM102479,PT11519,UnitedHealthcare,2026-08-23,"Partially Paid",3162.65
CLM101299,PT11520,UnitedHealthcare,2026-07-21,Paid,1333.61
CLM101709,PT11521,UnitedHealthcare,2026-06-09,Pending,3192.5
CLM101767,PT11522,Aetna,2026-07-23,Denied,176.55
CLM102441,PT11523,UnitedHealthcare,2026-01-18,Paid,1157.59
CLM101546,PT11524,Aetna,2026-03-19,Paid,2507.44
CLM100888,PT11525,Cigna,2026-08-26,Denied,3440.42
CLM101621,PT11527,UnitedHealthcare,2026-06-07,Paid,892.94
CLM100109,PT11528,Medicare,2026-06-08,"Partially Paid",3399.9
CLM101597,PT11530,UnitedHealthcare,2026-07-08,Paid,3411.81
CLM101359,PT11532,,2026-06-28,Pending,1704.15
CLM102171,PT11533,Medicare,2026-01-30,Paid,3326.74
CLM101114,PT11534,Aetna,2026-06-13,Denied,1232.98
CLM100455,PT11535,"Blue Cross",2026-03-06,"Partially Paid",1900.09
CLM101533,PT11536,Aetna,2026-05-22,Denied,620.67
CLM102686,PT11538,UnitedHealthcare,2026-07-31,Paid,1923.89
CLM102278,PT11539,UnitedHealthcare,2026-08-01,Paid,3882.68
CLM101965,PT11540,,2026-03-29,Pending,2826.08
CLM101821,PT11543,Aetna,2026-08-30,Paid,2361.3
CLM102716,PT11544,Medicaid,2026-03-14,Paid,1482.63
CLM100319,PT11545,Cigna,2026-03-30,Paid,3205.36
CLM102684,PT11546,"Blue Cross",2026-02-13,Denied,3959.46
CLM101375,PT11551,Cigna,2026-03-15,Paid,3848.06
CLM100866,PT11554,"Blue Cross",2026-07-20,Pending,3427.84
CLM102392,PT11555,Cigna,2026-03-29,Paid,609.99
CLM101216,PT11556,Medicaid,2026-08-30,Denied,4101.38
CLM102818,PT11557,"Blue Cross",2026-08-17,Paid,2497.26
CLM102732,PT11558,UnitedHealthcare,2026-01-14,Paid,682.33
CLM102731,PT11559,Medicare,2026-08-22,Paid,109.48
CLM101697,PT11560,Cigna,2026-08-23,Paid,2079.46
CLM100010,PT11561,"Blue Cross",2026-08-17,Paid,2926.33
CLM100180,PT11562,UnitedHealthcare,2026-04-26,Paid,2967.78
CLM100850,PT11563,Cigna,2026-04-14,Paid,606.6
CLM100014,PT11564,"Blue Cross",2026-06-21,Denied,2049.01
CLM102103,PT11565,Aetna,2026-06-04,Paid,2188.69
CLM101668,PT11566,UnitedHealthcare,2026-07-23,Paid,2343.66
CLM102771,PT11568,UnitedHealthcare,2026-05-18,Paid,1819.18
CLM100082,PT11569,Aetna,2026-07-09,Denied,3849.21
CLM100516,PT11570,Cigna,2026-05-17,Paid,1538.57
CLM100865,PT11572,Cigna,2026-08-19,"Partially Paid",4163.54
CLM102447,PT11574,"Blue Cross",2026-08-27,Paid,744.32
CLM101533,PT11576,Aetna,2026-02-05,Paid,1553.03
CLM101718,PT11577,UnitedHealthcare,2026-01-11,Paid,2919.04
CLM100819,PT11578,"Blue Cross",2026-06-18,Pending,1176.85
CLM100438,PT11579,UnitedHealthcare,2026-08-05,Paid,3723.22
CLM101334,PT11580,"Blue Cross",2026-07-29,Denied,3376.36
CLM102412,PT11581,Medicaid,2026-03-01,Paid,1282.62
CLM101300,PT11582,UnitedHealthcare,2026-08-04,Paid,2445.64
CLM100285,PT11584,Cigna,2026-03-31,Paid,2452.24
CLM101182,PT11589,Aetna,2026-03-17,Paid,2571.45
CLM101032,PT11592,UnitedHealthcare,2026-05-07,Paid,327.94
CLM100490,PT11593,Medicaid,2026-06-22,Paid,3339.21
CLM100579,PT11595,Medicare,2026-08-20,"Partially Paid",3641.1
CLM101934,PT11596,Medicare,2026-01-12,Paid,2626.21
CLM102607,PT11597,Cigna,2026-08-05,Paid,3230.56
CLM101238,PT11598,Cigna,2026-08-08,Paid,1420.67
CLM101385,PT11599,Medicaid,2026-06-16,Paid,984.16
CLM101702,PT11600,Medicare,2026-05-06,Paid,277.66
CLM102983,PT11602,"Blue Cross",2026-02-04,"Partially Paid",667
CLM100673,PT11603,Medicare,2026-06-01,Pending,3912.33
CLM101199,PT11604,UnitedHealthcare,2026-08-16,Paid,2324.09
CLM100504,PT11605,"Blue Cross",2026-02-16,Paid,3839.03
CLM102445,PT11606,Medicare,2026-08-24,Paid,1088.06
CLM102668,PT11609,Cigna,2026-08-14,Paid,3173.9
CLM100598,PT11610,UnitedHealthcare,2026-05-18,Paid,3014.33
CLM100362,PT11611,Medicare,2026-06-17,Paid,2727.76
CLM100452,PT11614,UnitedHealthcare,2026-07-06,Pending,1463.06
CLM102384,PT11615,Cigna,2026-03-02,Paid,319.14
CLM102330,PT11618,UnitedHealthcare,2026-08-03,Paid,580.9
CLM101254,PT11619,Aetna,2026-03-06,Paid,1609.7
CLM101285,PT11620,Medicaid,2026-07-25,Denied,2059.41
CLM102846,PT11621,UnitedHealthcare,2026-03-14,Paid,3644.09
CLM100891,PT11624,"Blue Cross",2026-02-13,Paid,2507.01
CLM100359,PT11625,"Blue Cross",2026-07-29,Paid,140.23
CLM100154,PT11626,UnitedHealthcare,2026-03-12,Denied,605.56
CLM100268,PT11627,Medicaid,2026-07-29,Paid,2508.49
CLM101338,PT11629,UnitedHealthcare,2026-07-18,Pending,586.16
CLM100170,PT11632,Medicaid,2026-04-02,Denied,2925.29
CLM101894,PT11635,UnitedHealthcare,2026-02-23,"Partially Paid",247.81
CLM102876,PT11639,Cigna,2026-07-01,Paid,1169.88
CLM101195,PT11641,Cigna,2026-08-08,Paid,2105.98
CLM100196,PT11642,"Blue Cross",2026-04-05,Denied,155.8
CLM100044,PT11643,Aetna,2026-08-05,Paid,3604.76
CLM102961,PT11644,Medicare,2026-05-12,Denied,3975.72
CLM101234,PT11646,Medicaid,2026-08-21,Paid,1735.04
CLM100002,PT11647,Medicare,2026-08-26,"Partially Paid",2363.7
CLM100168,PT11649,Medicaid,2026-05-15,Paid,3947.33
CLM100815,PT11650,Medicare,2026-06-04,Paid,92.58
CLM101647,PT11651,Cigna,2026-08-04,Paid,1668.12
CLM101729,PT11654,Medicaid,2026-07-10,Paid,92.33
CLM101041,PT11657,"Blue Cross",2026-07-29,"Partially Paid",3373.85
CLM102922,PT11659,Medicare,2026-01-30,Pending,3167.46
CLM101696,PT11660,"Blue Cross",2026-05-27,Paid,2144.33
CLM102552,PT11662,Aetna,2026-05-16,Paid,3401.37
CLM100077,PT11664,Cigna,2026-06-18,"Partially Paid",296.83
CLM101572,PT11667,UnitedHealthcare,2026-02-20,Denied,317.59
CLM101137,PT11670,Aetna,2026-08-23,Paid,3106.4
CLM100731,PT11671,"Blue Cross",2026-07-27,Denied,1267.01
CLM102116,PT11673,"Blue Cross",2026-07-23,"Partially Paid",3638.73
CLM102534,PT11674,Medicaid,2026-06-29,Paid,1050.61
CLM101408,PT11675,Medicare,2026-05-08,Paid,634.36
CLM102904,PT11676,Medicaid,2026-01-31,Denied,379.7
CLM102186,PT11679,Aetna,2026-04-18,Paid,3602.87
CLM102230,PT11680,"Blue Cross",2026-07-15,Paid,1351.41
CLM101848,PT11681,,2026-03-18,Paid,3176.89
CLM101628,PT11682,Medicare,2026-02-16,Paid,1791.1
CLM101315,PT11683,Aetna,2026-02-09,"Partially Paid",2273.44
CLM101168,PT11684,"Blue Cross",2026-03-06,Pending,2919.65
CLM100368,PT11685,Cigna,2026-06-11,Paid,3649.08
CLM100844,PT11686,Medicare,2026-03-30,Paid,2976.4
CLM101675,PT11687,Medicaid,2026-05-07,Pending,1161.75
CLM102512,PT11688,Aetna,2026-03-05,Pending,2013.64
CLM101063,PT11689,Medicare,2026-04-30,Denied,2084.43
CLM101979,PT11692,Cigna,2026-05-27,Paid,270.68
CLM102348,PT11693,Aetna,2026-04-17,Paid,2518.82
CLM100018,PT11694,Medicare,2026-04-19,Paid,1360.17
CLM101381,PT11695,"Blue Cross",2026-01-13,Paid,3761.06
CLM102547,PT11698,Aetna,2026-03-01,Paid,2461.11
CLM101872,PT11699,Medicare,2026-08-23,Denied,2208.71
CLM102273,PT11700,Medicare,2026-02-22,Paid,2502.21
CLM101389,PT11702,Aetna,2026-08-28,Paid,186.65
CLM100574,PT11703,UnitedHealthcare,2026-05-11,Paid,1460.13
CLM100917,PT11704,"Blue Cross",2026-05-26,Denied,993.93
CLM101948,PT11705,Medicaid,2026-04-04,Paid,536.7
CLM101862,PT11708,Medicare,2026-04-23,Paid,817.54
CLM101731,PT11710,Medicaid,2026-09-01,Paid,4084.75
CLM102879,PT11713,UnitedHealthcare,2026-07-15,Paid,1965.63
CLM100677,PT11714,UnitedHealthcare,2026-04-07,Denied,553.68
CLM102829,PT11716,Medicaid,2026-08-14,Pending,1458.53
CLM102822,PT11717,UnitedHealthcare,2026-06-17,"Partially Paid",1526.18
CLM101527,PT11720,Aetna,2026-04-21,Paid,896.12
CLM102867,PT11723,Medicare,2026-02-20,Denied,257.1
CLM102729,PT11725,Aetna,2026-07-02,Paid,428.92
CLM102439,PT11728,Cigna,2026-07-19,"Partially Paid",2708.57
CLM101769,PT11729,UnitedHealthcare,2026-08-08,Paid,3240.07
CLM101568,PT11732,Medicare,2026-06-25,"Partially Paid",306.15
CLM101825,PT11733,Aetna,2026-01-31,"Partially Paid",605.45
CLM101105,PT11734,UnitedHealthcare,2026-08-05,Paid,3841.29
CLM101682,PT11736,"Blue Cross",2026-05-04,Paid,4059.38
CLM100545,PT11737,Medicaid,2026-02-25,Paid,2259.38
CLM100696,PT11739,UnitedHealthcare,2026-08-22,Paid,181.93
CLM102889,PT11742,Medicaid,2026-01-16,Paid,2971.96
CLM101598,PT11745,Medicare,2026-07-15,Paid,2185.49
CLM102719,PT11748,Cigna,2026-04-07,Paid,415.86
CLM102250,PT11749,Aetna,2026-05-21,Paid,3069.66
CLM102982,PT11751,UnitedHealthcare,2026-04-03,Paid,3280.22
CLM101227,PT11752,UnitedHealthcare,2026-07-23,Pending,3806.52
CLM100385,PT11756,UnitedHealthcare,2026-04-20,Pending,370.85
CLM100573,PT11757,Medicaid,2026-05-25,Paid,2519.01
CLM101556,PT11758,"Blue Cross",2026-07-02,"Partially Paid",425.01
CLM102972,PT11763,Cigna,2026-04-04,Paid,1017.27
CLM101061,PT11766,Medicaid,2026-02-13,Paid,126.15
CLM101708,PT11769,"Blue Cross",2026-01-12,Paid,3619.15
CLM100860,PT11770,Medicaid,2026-02-16,Paid,2889.82
CLM100877,PT11771,Cigna,2026-08-26,Paid,3453.16
CLM101173,PT11772,Aetna,2026-03-22,Paid,3880.74
CLM101594,PT11775,Medicare,2026-03-26,Paid,3517.02
CLM101015,PT11777,"Blue Cross",2026-04-12,"Partially Paid",2696.86
CLM101448,PT11780,Medicaid,2026-08-10,Denied,3489.75
CLM100350,PT11781,Aetna,2026-05-13,"Partially Paid",1357.02
CLM102832,PT11782,UnitedHealthcare,2026-04-01,"Partially Paid",1571.21
CLM102102,PT11785,Medicare,2026-05-10,Pending,2331.87
CLM100764,PT11786,Medicare,2026-07-14,Paid,856.56
CLM101255,PT11787,Medicare,2026-03-13,Paid,1337.36
CLM102478,PT11788,Cigna,2026-06-10,Paid,2331.49
CLM100858,PT11790,Aetna,2026-03-29,Paid,1546.76
CLM101885,PT11791,Aetna,2026-06-24,Paid,2563.2
CLM100808,PT11792,Cigna,2026-04-30,Pending,3976.61
CLM102321,PT11793,"Blue Cross",2026-08-24,"Partially Paid",748.65
CLM102582,PT11794,"Blue Cross",2026-07-20,"Partially Paid",3210.12
CLM100199,PT11795,UnitedHealthcare,2026-03-02,Paid,1937.94
CLM102715,PT11797,UnitedHealthcare,2026-07-22,Paid,3342.94
CLM100311,PT11798,"Blue Cross",2026-08-17,Pending,4082.5
CLM100848,PT11801,UnitedHealthcare,2026-05-10,Denied,3914.08
CLM100935,PT11802,Cigna,2026-04-05,Paid,4106.81
CLM102730,PT11803,UnitedHealthcare,2026-06-10,Paid,4066.6
CLM100262,PT11804,"Blue Cross",2026-02-14,Denied,3650.36
CLM101683,PT11806,Cigna,2026-08-27,Paid,1531.8
CLM102544,PT11807,"Blue Cross",2026-03-09,"Partially Paid",2810.22
CLM100471,PT11808,UnitedHealthcare,2026-04-20,Denied,2944.14
CLM100478,PT11811,Aetna,2026-08-10,Denied,2994.18
CLM100524,PT11813,Aetna,2026-05-05,Paid,525.51
CLM102644,PT11816,"Blue Cross",2026-05-20,Paid,2131.44
CLM100707,PT11817,Cigna,2026-03-20,Paid,373.41
CLM102758,PT11819,Cigna,2026-01-31,Paid,3465.67
CLM100631,PT11820,UnitedHealthcare,2026-07-03,Pending,2803.11
CLM101869,PT11822,Medicare,2026-06-13,Paid,2927.19
CLM100058,PT11823,Cigna,2026-06-27,Pending,3684.37
CLM100451,PT11824,"Blue Cross",2026-07-21,Paid,3080.89
CLM101340,PT11825,Medicare,2026-07-03,Denied,1797.12
CLM100557,PT11827,"Blue Cross",2026-02-27,"Partially Paid",3811.61
CLM101694,PT11828,Cigna,2026-04-20,Paid,1363.6
CLM100874,PT11830,"Blue Cross",2026-02-25,Paid,2487.07
CLM102122,PT11831,"Blue Cross",2026-07-26,Denied,1143.86
CLM100639,PT11832,Cigna,2026-07-02,Paid,491.12
CLM102507,PT11835,Medicare,2026-07-23,Paid,1308.52
CLM100851,PT11837,Medicaid,2026-01-29,Paid,1703.17
CLM100787,PT11839,Aetna,2026-05-25,Paid,3288.45
CLM101257,PT11840,UnitedHealthcare,2026-02-09,Paid,981.38
CLM100278,PT11841,"Blue Cross",2026-06-04,Paid,1224.98
CLM102663,PT11842,Medicaid,2026-06-17,Pending,2115.82
CLM102410,PT11843,"Blue Cross",2026-05-15,Pending,1246.94
CLM100978,PT11844,Aetna,2026-07-05,Paid,3162.95
CLM100465,PT11847,"Blue Cross",2026-05-09,Paid,822.42
CLM100882,PT11848,"Blue Cross",2026-05-01,Denied,3859.34
CLM101434,PT11850,Medicare,2026-05-17,Pending,4145.63
CLM100501,PT11851,"Blue Cross",2026-08-05,Paid,3416.26
CLM101415,PT11853,"Blue Cross",2026-08-04,Paid,4149.97
CLM100883,PT11856,Aetna,2026-08-15,Denied,1339.17
CLM102030,PT11857,Cigna,2026-04-02,Pending,1605.21
CLM102466,PT11860,Cigna,2026-06-21,"Partially Paid",511.31
CLM102104,PT11863,,2026-03-24,Paid,617.85
CLM101685,PT11865,Cigna,2026-03-16,Paid,2690.64
CLM101437,PT11867,Medicare,2026-02-18,Pending,930.69
CLM102864,PT11868,"Blue Cross",2026-05-09,Paid,961.05
CLM101009,PT11870,Aetna,2026-04-24,Paid,198.45
CLM102532,PT11871,"Blue Cross",2026-06-13,Denied,2159.8
CLM102280,PT11872,UnitedHealthcare,2026-05-13,Pending,1742.73
CLM100683,PT11873,Medicaid,2026-08-06,Denied,3278.65
CLM101309,PT11877,UnitedHealthcare,2026-07-04,Pending,2895.77
CLM101416,PT11878,Medicare,2026-02-04,Paid,4131.35
CLM100940,PT11883,"Blue Cross",2026-06-15,"Partially Paid",3654.97
CLM101323,PT11884,Cigna,2026-08-01,Paid,1568.2
CLM102777,PT11885,Cigna,2026-05-05,Paid,2339.44
CLM102364,PT11886,"Blue Cross",2026-03-30,Paid,1076.58
CLM102235,PT11888,Cigna,2026-04-15,Paid,1755.05
CLM101578,PT11890,Medicare,2026-06-13,Paid,3421.34
CLM101344,PT11891,UnitedHealthcare,2026-08-25,Paid,2520.07
CLM101104,PT11894,UnitedHealthcare,2026-04-17,Paid,3088.7
CLM100585,PT11895,Cigna,2026-05-03,Paid,1784.63
CLM101727,PT11896,Aetna,2026-07-11,Paid,3624.21
CLM100890,PT11898,"Blue Cross",2026-04-22,Denied,3196.9
CLM102035,PT11899,Aetna,2026-04-28,Paid,3718.27
CLM101990,PT11900,Medicare,2026-04-30,Denied,3574.37
CLM101943,PT11901,Medicaid,2026-08-31,Pending,3081.89
CLM101193,PT11905,Aetna,2026-05-05,Paid,3813.56
CLM102112,PT11909,Cigna,2026-08-26,Paid,4197.5
CLM101610,PT11910,Medicare,2026-09-04,Denied,4164.06
CLM102196,PT11912,UnitedHealthcare,2026-03-04,Paid,1674.74
CLM102182,PT11914,"Blue Cross",2026-05-20,Paid,4002.29
CLM101251,PT11917,UnitedHealthcare,2026-04-03,Pending,3676.66
CLM100991,PT11919,Medicaid,2026-05-15,Denied,4099.35
CLM100441,PT11920,"Blue Cross",2026-08-02,Pending,3278.06
CLM100681,PT11921,Medicaid,2026-08-02,Denied,2245.1
CLM101093,PT11922,Aetna,2026-02-25,"Partially Paid",2299.74
CLM101810,PT11923,Aetna,2026-04-07,Denied,466.29
CLM100760,PT11924,Cigna,2026-08-05,Paid,2571.94
CLM101785,PT11925,Aetna,2026-06-10,Paid,3126.87
CLM100639,PT11926,Medicare,2026-06-30,Paid,2718.53
CLM102517,PT11927,"Blue Cross",2026-02-24,Paid,808.68
CLM101829,PT11929,"Blue Cross",2026-06-29,Paid,3427.29
CLM102324,PT11931,"Blue Cross",2026-08-30,Paid,3797.13
CLM102639,PT11932,Medicare,2026-02-04,Pending,3313.87
CLM101010,PT11933,Aetna,2026-04-22,Paid,2510.06
CLM101031,PT11934,"Blue Cross",2026-05-12,Paid,3032.46
CLM102281,PT11935,UnitedHealthcare,2026-05-30,"Partially Paid",3703.47
CLM101732,PT11936,Aetna,2026-06-08,Paid,3604.17
CLM101663,PT11938,"Blue Cross",2026-06-05,Paid,1906.11
CLM100954,PT11940,Medicare,2026-07-02,Paid,2406.05
CLM102669,PT11943,UnitedHealthcare,2026-08-13,Paid,2619.49
CLM101861,PT11944,UnitedHealthcare,2026-08-19,Paid,3213.75
CLM101618,PT11945,"Blue Cross",2026-06-29,Paid,1770.7
CLM100928,PT11946,Medicare,2026-06-05,"Partially Paid",3737.48
CLM101518,PT11949,Cigna,2026-07-19,Pending,2930.41
CLM102860,PT11950,"Blue Cross",2026-04-03,Paid,1294.92
CLM100997,PT11952,Medicaid,2026-08-21,Pending,1729.79
CLM102187,PT11953,Medicaid,2026-08-02,Paid,1655.1
CLM100784,PT11954,UnitedHealthcare,2026-04-03,Denied,2546.74
CLM100337,PT11959,Aetna,2026-07-18,Paid,3321.38
CLM100994,PT11961,"Blue Cross",2026-04-29,Paid,2718.82
CLM101790,PT11964,Cigna,2026-05-21,Paid,481.11
CLM102694,PT11965,Medicaid,2026-08-25,Paid,3990.49
CLM100711,PT11966,Aetna,2026-05-04,Paid,1951.63
CLM102548,PT11970,Aetna,2026-08-04,Pending,3592.17
CLM101476,PT11972,Aetna,2026-06-10,Paid,3017.13
CLM100721,PT11973,Medicare,2026-02-11,Pending,4007.97
CLM102308,PT11974,Medicare,2026-05-23,Paid,983.86
CLM100718,PT11976,UnitedHealthcare,2026-08-19,Paid,3203.5
CLM102868,PT11980,Medicaid,2026-03-13,Pending,195.96
CLM100284,PT11981,UnitedHealthcare,2026-01-04,Paid,706.16
CLM101681,PT11982,"Blue Cross",2026-08-12,Paid,2957.2
CLM101840,PT11984,UnitedHealthcare,2026-06-07,Paid,1739.4
CLM100636,PT11985,Medicare,2026-02-08,Paid,3084.08
CLM101089,PT11987,Medicaid,2026-08-11,Paid,808.57
CLM100031,PT11988,Medicare,2026-08-16,"Partially Paid",3747.94
CLM101118,PT11989,Cigna,2026-01-04,Pending,895.62
CLM102131,PT11992,Cigna,2026-03-30,"Partially Paid",1365.04
CLM101395,PT11995,Aetna,2026-03-25,Denied,1449.09
CLM101126,PT11997,Medicaid,2026-05-22,"Partially Paid",3821.28
CLM100653,PT11998,UnitedHealthcare,2026-03-02,Paid,670.18
CLM101393,PT12000,UnitedHealthcare,2026-05-23,Denied,576
CLM101362,PT12003,UnitedHealthcare,2026-07-15,Paid,827.42
CLM100593,PT12005,Cigna,2026-01-07,Paid,794.49
CLM102992,PT12006,Cigna,2026-05-06,Denied,2789.41
CLM100288,PT12007,Medicare,2026-04-15,"Partially Paid",128.39
CLM100900,PT12008,Medicaid,2026-02-03,Pending,2349.63
CLM102875,PT12011,Medicare,2026-04-26,Denied,768.8
CLM101054,PT12013,UnitedHealthcare,2026-03-18,Paid,1434.3
CLM102295,PT12015,Medicare,2026-07-16,Denied,3455.14
CLM100033,PT12016,Medicaid,2026-07-22,Paid,544.51
CLM100821,PT12017,Medicaid,2026-06-22,Pending,2664.41
CLM101201,PT12018,Medicare,2026-08-04,Paid,2858.68
CLM100943,PT12019,"Blue Cross",2026-05-22,"Partially Paid",2569.71
CLM100194,PT12022,Medicaid,2026-04-11,Paid,629.83
CLM102979,PT12023,UnitedHealthcare,2026-04-08,Paid,175.73
CLM102545,PT12024,Cigna,2026-03-09,Paid,3437.92
CLM102652,PT12029,Medicare,2026-02-13,Paid,3949.16
CLM100159,PT12030,Cigna,2026-08-19,Paid,1067.46
CLM101436,PT12031,Medicaid,2026-06-10,Paid,904.63
CLM100765,PT12032,Cigna,2026-05-08,Paid,2080.25
CLM102394,PT12033,UnitedHealthcare,2026-03-16,Denied,793.32
CLM102574,PT12038,Aetna,2026-02-11,Denied,1386.8
CLM102145,PT12041,Medicaid,2026-03-15,Denied,329.56
CLM102049,PT12042,Medicaid,2026-08-16,"Partially Paid",3386.92
CLM102930,PT12043,Cigna,2026-08-06,Denied,3971.28
CLM100976,PT12045,Aetna,2026-03-18,Paid,924.02
CLM102954,PT12048,Medicaid,2026-02-15,Paid,2496.64
CLM100426,PT12049,Cigna,2026-07-12,Paid,2720.02
CLM102874,PT12050,Medicare,2026-04-27,Paid,2846.56
CLM100346,PT12053,UnitedHealthcare,2026-05-08,"Partially Paid",2565.28
CLM101555,PT12054,Medicaid,2026-07-07,Denied,2966.89
CLM100136,PT12055,"Blue Cross",2026-05-17,Pending,3833.68
CLM100846,PT12058,Medicare,2026-03-03,Paid,2338.31
CLM102167,PT12061,"Blue Cross",2026-01-28,Paid,3116.52
CLM101712,PT12062,UnitedHealthcare,2026-05-02,Paid,3479.88
CLM101248,PT12063,"Blue Cross",2026-04-27,Pending,1477.84
CLM100446,PT12064,Cigna,2026-02-23,Paid,3098.78
CLM102588,PT12066,Cigna,2026-06-28,Paid,1622.59
CLM101492,PT12067,UnitedHealthcare,2026-07-08,Paid,3784.1
CLM102422,PT12070,Medicare,2026-02-21,Pending,1760.63
CLM102877,PT12071,Medicare,2026-08-21,Paid,1118.25
CLM102024,PT12072,Medicare,2026-08-26,Denied,2256.4
CLM101602,PT12073,Medicare,2026-06-12,"Partially Paid",3937.36
CLM100069,PT12074,Medicare,2026-02-26,Pending,2059.63
CLM101482,PT12075,Cigna,2026-04-21,"Partially Paid",2863.43
CLM101074,PT12076,Medicare,2026-06-19,Denied,1295.19
CLM100059,PT12077,Cigna,2026-06-20,Paid,2358.64
CLM100178,PT12079,Medicaid,2026-06-12,Denied,239.95
CLM100859,PT12080,"Blue Cross",2026-08-19,Paid,490.5
CLM101665,PT12081,"Blue Cross",2026-02-05,Paid,3782.8
CLM102333,PT12082,Medicaid,2026-03-11,Paid,4138.48
CLM102688,PT12083,UnitedHealthcare,2026-06-15,Paid,2714.8
CLM102994,PT12084,Aetna,2026-02-13,Pending,3924.41
CLM102840,PT12086,"Blue Cross",2026-02-04,Pending,2800.35
CLM101673,PT12089,UnitedHealthcare,2026-04-24,Paid,3471.55
CLM101236,PT12090,UnitedHealthcare,2026-08-28,Paid,1038.31
CLM102472,PT12093,"Blue Cross",2026-05-11,Denied,3427.88
CLM102863,PT12094,Aetna,2026-01-21,Pending,335.43
CLM101422,PT12098,"Blue Cross",2026-02-11,"Partially Paid",2974.74
CLM102214,PT12099,UnitedHealthcare,2025-12-30,Paid,3843.76
CLM101377,PT12100,Medicaid,2026-02-02,Pending,3508.48
CLM101768,PT12101,UnitedHealthcare,2026-02-08,Paid,551.09
CLM102681,PT12103,Aetna,2026-06-07,Denied,1317.56
CLM100201,PT12104,Medicaid,2026-03-14,Pending,463.01
CLM102198,PT12106,Medicare,2026-06-24,Paid,3779.41
CLM100121,PT12107,"Blue Cross",2026-07-26,Paid,2755.51
CLM100394,PT12108,UnitedHealthcare,2026-01-29,Paid,1017.87
CLM101799,PT12111,Cigna,2026-04-05,Paid,3794.31
CLM102936,PT12112,Medicaid,2026-03-02,Paid,2338.88
CLM101777,PT12113,Medicaid,2026-07-05,Paid,3525.13
CLM100942,PT12114,UnitedHealthcare,2026-08-06,Denied,2552.05
CLM101143,PT12115,"Blue Cross",2026-07-01,Denied,2959.43
CLM102666,PT12117,Medicare,2026-02-02,Paid,1462.01
CLM100162,PT12119,Medicaid,2026-08-05,Denied,561.5
CLM102524,PT12120,Aetna,2026-08-18,Denied,3566.69
CLM102480,PT12122,Medicare,2026-07-28,Paid,718.38
CLM101889,PT12123,Medicaid,2026-07-01,Paid,3249.77
CLM102891,PT12124,UnitedHealthcare,2026-08-13,Paid,2179.08
CLM101762,PT12127,Aetna,2026-06-02,Paid,2693.73
CLM102494,PT12129,Aetna,2026-08-11,Paid,205.57
CLM102173,PT12133,Medicare,2026-05-09,Denied,1190.19
CLM101097,PT12134,UnitedHealthcare,2026-05-25,Paid,825.15
CLM100552,PT12137,Medicaid,2026-06-01,Pending,140.41
CLM100416,PT12138,UnitedHealthcare,2026-02-20,Paid,2103.44
CLM102890,PT12139,"Blue Cross",2026-07-15,Paid,537.7
CLM101050,PT12142,Medicare,2026-08-12,Paid,2294.32
CLM101065,PT12143,Medicare,2026-02-18,Paid,198.23
CLM101543,PT12146,Cigna,2026-05-19,Denied,3987.37
CLM102206,PT12148,UnitedHealthcare,2026-02-09,Paid,268.37
CLM101899,PT12149,"Blue Cross",2026-03-15,Paid,2957.67
CLM100439,PT12150,Medicare,2026-03-24,"Partially Paid",738.18
CLM101897,PT12152,"Blue Cross",2026-06-05,Paid,2052.27
CLM100427,PT12154,Medicare,2026-07-02,Paid,116.37
CLM101893,PT12156,Medicare,2026-06-04,Paid,2752.19
CLM101565,PT12157,Cigna,2026-08-07,Paid,3706.46
CLM101853,PT12158,"Blue Cross",2026-06-28,Pending,402.64
CLM101693,PT12159,Medicaid,2026-06-29,Paid,2812.6
CLM102166,PT12164,Medicaid,2026-07-13,Paid,4071.81
CLM101535,PT12165,Aetna,2026-04-30,"Partially Paid",3725
CLM100799,PT12166,Cigna,2026-08-25,Paid,647.96
CLM102929,PT12167,UnitedHealthcare,2026-07-14,Denied,3267.06
CLM100073,PT12169,Medicaid,2026-08-04,Paid,3389.54
CLM100486,PT12170,Cigna,2026-09-02,Paid,223.42
CLM102050,PT12171,Medicaid,2026-03-11,Paid,2159.95
CLM101854,PT12173,Cigna,2026-08-28,Paid,928.15
CLM101792,PT12174,Medicaid,2026-03-08,Paid,140.09
CLM100637,PT12176,Medicaid,2026-07-12,Pending,1037.18
CLM100948,PT12177,Medicaid,2026-08-09,"Partially Paid",2140.88
CLM102559,PT12178,"Blue Cross",2026-06-16,Paid,4004.64
CLM101231,PT12179,"Blue Cross",2026-06-01,"Partially Paid",3160.18
CLM101536,PT12181,Cigna,2026-06-05,Pending,4059.05
CLM102849,PT12182,UnitedHealthcare,2026-08-19,Paid,4152.26
CLM102855,PT12183,Aetna,2026-08-01,Paid,3166.22
CLM102183,PT12184,"Blue Cross",2026-07-26,Paid,1672.35
CLM102037,PT12185,"Blue Cross",2026-05-06,Paid,3045.78
CLM102656,PT12187,Medicare,2026-07-13,Paid,2853.5
CLM100806,PT12188,Aetna,2026-04-28,Paid,2734.02
CLM100309,PT12190,UnitedHealthcare,2026-05-30,Denied,268.74
CLM102989,PT12191,"Blue Cross",2026-08-13,Paid,1100.9
CLM102997,PT12192,Cigna,2026-08-05,Paid,886.35
CLM100357,PT12194,Medicare,2026-08-19,Pending,4069.88
CLM102092,PT12195,Aetna,2026-03-08,Denied,3444.27
CLM100463,PT12197,Cigna,2026-08-23,"Partially Paid",2016.7
CLM102580,PT12198,Medicare,2026-07-29,Paid,1925.89
CLM102825,PT12199,UnitedHealthcare,2026-07-24,Denied,2140.19
CLM101094,PT12201,Aetna,2026-02-08,Paid,3928.28
CLM100209,PT12202,Medicaid,2026-05-14,Pending,2640.62
CLM101019,PT12203,Medicare,2026-04-24,Paid,1556.49
CLM100879,PT12208,UnitedHealthcare,2026-06-10,Denied,1698.52
CLM100961,PT12209,"Blue Cross",2026-08-07,"Partially Paid",652.28
CLM101367,PT12210,Cigna,2026-07-10,Paid,2970.49
CLM100383,PT12211,Medicare,2026-03-10,Paid,2116.31
CLM101730,PT12213,Medicare,2026-08-13,Paid,3448.16
CLM101458,PT12218,Aetna,2026-04-28,Paid,2180.38
CLM100181,PT12219,"Blue Cross",2026-06-15,Denied,2985.34
CLM100538,PT12220,UnitedHealthcare,2026-06-04,Pending,1331.99
CLM100781,PT12221,Medicaid,2026-03-18,Paid,3576.44
CLM100984,PT12224,Aetna,2026-06-13,Paid,3083.66
CLM102589,PT12225,"Blue Cross",2026-06-30,Pending,1977.41
CLM102971,PT12226,"Blue Cross",2026-06-05,Paid,2991.96
CLM101112,PT12227,Medicare,2026-03-27,Paid,3950.94
CLM102421,PT12229,"Blue Cross",2026-06-14,Denied,1120.99
CLM100724,PT12230,Medicare,2026-02-23,"Partially Paid",490.09
CLM102647,PT12231,Medicaid,2026-08-19,Denied,3605.57
CLM102157,PT12233,"Blue Cross",2026-03-06,Paid,2306.32
CLM100313,PT12235,Medicare,2026-07-30,Paid,2956.15
CLM102151,PT12236,"Blue Cross",2026-07-13,Denied,4137.97
CLM100758,PT12237,UnitedHealthcare,2026-06-22,Pending,3176.53
CLM102296,PT12241,Aetna,2026-07-14,Paid,4143.63
CLM102772,PT12243,"Blue Cross",2026-03-02,Paid,1567.25
CLM102995,PT12244,"Blue Cross",2026-08-06,Denied,4033.24
CLM102881,PT12247,UnitedHealthcare,2026-04-20,Paid,2779.33
CLM101739,PT12249,Medicaid,2026-06-02,Paid,1247.05
CLM100857,PT12252,Aetna,2026-06-10,Paid,236.5
CLM101470,PT12253,Medicaid,2026-01-29,Paid,1124.36
CLM102530,PT12255,Medicare,2026-06-06,Pending,2061.95
CLM102442,PT12256,UnitedHealthcare,2026-06-10,Paid,325.57
CLM101557,PT12257,"Blue Cross",2026-08-12,Denied,3134.07
CLM102714,PT12258,Medicare,2026-07-20,"Partially Paid",4183.55
CLM100229,PT12259,Medicare,2026-01-08,Paid,3177.88
CLM100066,PT12260,Aetna,2026-08-05,Paid,2408.09
CLM102935,PT12261,UnitedHealthcare,2026-08-27,Denied,3242.93
CLM102845,PT12262,"Blue Cross",2026-08-06,Paid,2721.32
CLM102174,PT12263,Cigna,2026-05-01,Paid,4118.29
CLM100507,PT12264,Medicaid,2026-02-03,Paid,2189.99
CLM101228,PT12265,Medicaid,2026-06-27,Denied,1523.09
CLM100024,PT12266,"Blue Cross",2026-08-15,Paid,1462.37
CLM101651,PT12268,Aetna,2026-08-26,Paid,1072.01
CLM101795,PT12270,Medicare,2026-05-03,Paid,150.05
CLM100756,PT12275,"Blue Cross",2026-06-01,Paid,1039.02
CLM101413,PT12277,UnitedHealthcare,2026-06-06,Denied,3482.13
CLM102745,PT12278,"Blue Cross",2026-08-16,Paid,3427.48
CLM101006,PT12279,Aetna,2026-03-23,Denied,1743.28
CLM102523,PT12280,Cigna,2026-06-21,Paid,4023.89
CLM102746,PT12281,Medicaid,2026-06-30,Paid,2724.22
CLM102105,PT12282,Aetna,2026-08-16,Paid,362.9
CLM101426,PT12285,"Blue Cross",2026-01-17,Paid,2671.33
CLM101414,PT12286,Medicaid,2026-07-07,Paid,291.8
CLM101793,PT12288,Cigna,2026-07-20,Paid,4103.84
CLM102332,PT12291,Medicaid,2026-08-28,Paid,4029.92
CLM102641,PT12292,Cigna,2026-03-14,Pending,1401.19
CLM100295,PT12293,Medicaid,2026-06-17,Denied,2643.08
CLM101454,PT12294,UnitedHealthcare,2026-08-27,Denied,2498.13
CLM102571,PT12295,Aetna,2026-08-08,Paid,3292.1
CLM102181,PT12300,UnitedHealthcare,2026-01-17,Paid,1890.06
CLM100007,PT12301,Cigna,2026-02-10,Paid,463.44
CLM101071,PT12302,Aetna,2026-06-17,Paid,2866.39
CLM101952,PT12305,"Blue Cross",2026-08-07,Paid,2562.95
CLM101880,PT12307,Cigna,2026-08-22,Paid,4018.92
CLM102353,PT12309,UnitedHealthcare,2026-07-08,Paid,110.68
CLM100853,PT12310,Medicare,2026-04-17,Denied,1537.84
CLM101507,PT12311,Medicaid,2026-04-05,"Partially Paid",2129.09
CLM102325,PT12312,Medicaid,2026-03-21,Paid,2355.22
CLM102063,PT12314,UnitedHealthcare,2026-07-19,Paid,2062.52
CLM101218,PT12315,UnitedHealthcare,2026-08-16,Denied,3229.48
CLM102082,PT12316,"Blue Cross",2026-01-19,Paid,2243.16
CLM102986,PT12320,Cigna,2026-06-25,Paid,3030.69
CLM101174,PT12322,Cigna,2026-07-18,Paid,159.46
CLM102222,PT12323,UnitedHealthcare,2026-08-03,Paid,3804.69
CLM101272,PT12325,Medicaid,2026-08-25,Denied,3262.96
CLM101151,PT12326,UnitedHealthcare,2026-05-29,Paid,739.49
CLM102008,PT12327,"Blue Cross",2026-04-25,Paid,1158.63
CLM102076,PT12330,Aetna,2026-01-12,Pending,1166.3
CLM100872,PT12331,UnitedHealthcare,2026-05-09,Paid,1237.63
CLM100713,PT12332,Aetna,2026-08-26,Paid,1046.62
CLM101159,PT12335,Medicare,2026-04-30,Denied,2703.19
CLM100429,PT12338,"Blue Cross",2026-03-27,Paid,4017.58
CLM102865,PT12339,Medicare,2026-01-22,Paid,2525.36
CLM100489,PT12343,Aetna,2026-01-25,"Partially Paid",3655.35
CLM100294,PT12344,Medicare,2026-02-14,Paid,3764.23
CLM102354,PT12345,Cigna,2026-04-28,Paid,2802.8
CLM102339,PT12347,Medicare,2026-02-08,Paid,905.67
CLM100122,PT12348,Medicaid,2026-02-25,Denied,1190.79
CLM100480,PT12351,Aetna,2026-08-25,Paid,2503.42
CLM102211,PT12352,Cigna,2026-04-07,Paid,2614.37
CLM100633,PT12353,"Blue Cross",2026-01-05,Paid,687.44
CLM102469,PT12354,UnitedHealthcare,2026-05-03,Paid,1083.86
CLM100421,PT12356,Cigna,2026-08-26,"Partially Paid",1680.31
CLM101135,PT12359,Medicaid,2026-06-16,Denied,2293.46
CLM100646,PT12360,Medicaid,2026-06-28,Paid,2741.54
CLM102481,PT12362,Medicaid,2026-02-05,Paid,4081.84
CLM102193,PT12363,Cigna,2026-04-13,Pending,2069.75
CLM101629,PT12364,"Blue Cross",2026-04-01,Pending,1033.85
CLM101552,PT12365,"Blue Cross",2026-02-15,Pending,161.33
CLM101606,PT12366,UnitedHealthcare,2026-04-15,Paid,1445.67
CLM101027,PT12367,"Blue Cross",2026-03-05,Paid,2191.34
CLM102244,PT12368,Aetna,2026-08-26,Paid,3921.74
CLM100163,PT12369,Aetna,2026-03-03,Paid,2616.11
CLM102927,PT12371,Cigna,2026-01-27,Paid,3710.53
CLM101677,PT12373,Medicaid,2026-08-27,Paid,2781.09
CLM102616,PT12375,Cigna,2026-01-16,Paid,2322.06
CLM102201,PT12377,Aetna,2026-04-05,Denied,120.36
CLM101392,PT12379,"Blue Cross",2026-06-02,Paid,3419.22
CLM100845,PT12380,"Blue Cross",2026-06-03,Paid,2854.45
CLM102177,PT12381,,2026-04-30,Pending,3085.91
CLM102279,PT12383,Aetna,2026-03-20,Paid,3568.85
CLM100366,PT12384,"Blue Cross",2026-03-19,Paid,3237.43
CLM100266,PT12385,"Blue Cross",2026-03-27,Paid,2117.68
CLM102388,PT12387,Medicare,2026-07-03,Denied,698.23
CLM102237,PT12388,UnitedHealthcare,2026-07-12,Denied,2918.63
CLM102057,PT12391,Aetna,2026-08-30,Paid,1185.72
CLM100920,PT12392,Medicaid,2026-05-29,Denied,2083.03
CLM102453,PT12393,Medicaid,2026-01-09,Paid,3303.34
CLM100702,PT12396,UnitedHealthcare,2026-04-08,Paid,3557.92
CLM101575,PT12397,Cigna,2026-07-29,Paid,4018.66
CLM100370,PT12399,Medicare,2026-02-19,Paid,1996.43
CLM100623,PT12400,"Blue Cross",2026-04-03,Denied,185.52
CLM102551,PT12401,UnitedHealthcare,2026-08-22,Paid,1473.04
CLM100397,PT12402,"Blue Cross",2026-08-04,Paid,2745.78
CLM101487,PT12403,Aetna,2026-06-18,Paid,1873.63
CLM100767,PT12404,Cigna,2026-06-29,Paid,3085.37
CLM101622,PT12405,"Blue Cross",2026-01-24,Paid,4092.62
CLM101614,PT12406,Medicaid,2026-07-08,Paid,3687.87
CLM101921,PT12407,Medicaid,2026-03-02,Paid,3070.56
CLM102576,PT12408,Cigna,2026-07-13,Paid,3799.34
CLM101291,PT12409,"Blue Cross",2026-08-25,Paid,745.25
CLM100969,PT12411,"Blue Cross",2026-07-31,"Partially Paid",2989.16
CLM102007,PT12412,UnitedHealthcare,2026-04-27,Pending,1713.03
CLM101770,PT12413,Aetna,2026-06-10,Paid,3131.28
CLM100364,PT12414,Medicaid,2026-07-23,Denied,160.35
CLM101800,PT12415,Medicaid,2026-07-15,Paid,2499.62
CLM100305,PT12418,Cigna,2026-05-25,Denied,1054.86
CLM101441,PT12420,Cigna,2026-07-09,Paid,2993.32
CLM102415,PT12421,Cigna,2026-04-26,Paid,3116.77
CLM100123,PT12422,Medicare,2026-06-16,Paid,2327.56
CLM100015,PT12424,Medicare,2026-06-10,Paid,2913.24
CLM102706,PT12427,Cigna,2026-01-26,Paid,100.49
CLM101456,PT12428,Aetna,2026-08-02,Denied,1290.53
CLM100456,PT12430,Cigna,2026-07-31,Paid,1407.17
CLM102805,PT12431,Cigna,2026-08-06,"Partially Paid",4170.53
CLM101823,PT12433,Aetna,2026-05-14,Denied,3042.05
CLM100495,PT12434,Cigna,2026-04-17,Paid,637.47
CLM102020,PT12437,Medicaid,2026-06-14,Denied,1691.93
CLM102957,PT12439,Medicare,2026-03-28,Paid,2672.36
CLM101584,PT12442,UnitedHealthcare,2026-01-04,Paid,1572.81
CLM100481,PT12443,Cigna,2026-05-25,Paid,884.49
CLM102919,PT12444,Cigna,2026-08-21,Paid,1169.74
CLM101317,PT12446,Cigna,2026-07-22,Denied,1819.03
CLM102341,PT12447,Medicare,2026-04-29,Paid,755.89
CLM101922,PT12448,Cigna,2026-03-02,Denied,2190.88
CLM101992,PT12449,Cigna,2026-06-15,Paid,4195.43
CLM101167,PT12450,"Blue Cross",2026-08-05,Paid,2876.25
CLM101686,PT12451,Medicaid,2026-04-27,Paid,1418.38
CLM102773,PT12453,UnitedHealthcare,2026-05-08,Paid,2638.71
CLM102850,PT12457,Cigna,2026-07-11,Paid,252.11
CLM100473,PT12458,Medicare,2026-07-08,Paid,2434.98
CLM101421,PT12459,Medicare,2026-07-14,"Partially Paid",3714.26
CLM102229,PT12461,UnitedHealthcare,2026-05-29,Paid,2039.81
CLM100030,PT12465,Aetna,2026-04-14,Denied,462.5
CLM101404,PT12466,Medicaid,2026-06-30,Pending,2967.5
CLM102464,PT12468,Medicaid,2026-07-03,Paid,3319.29
CLM102941,PT12469,Medicare,2026-06-13,Paid,2460.63
CLM101624,PT12470,UnitedHealthcare,2026-06-10,Pending,558.35
CLM102483,PT12471,Medicaid,2026-07-21,Paid,368.02
CLM101691,PT12473,UnitedHealthcare,2026-07-22,Paid,2531.44
CLM100369,PT12474,Medicare,2026-02-13,Paid,4122.12
CLM101069,PT12475,Cigna,2026-07-25,Paid,121.9
CLM100530,PT12476,UnitedHealthcare,2026-06-12,Denied,3583.8
CLM101929,PT12477,Medicare,2026-01-15,Paid,1081.78
CLM101975,PT12479,Aetna,2026-05-29,Paid,1549.08
CLM102970,PT12480,UnitedHealthcare,2026-06-15,Paid,4083.83
CLM100776,PT12484,Aetna,2026-07-10,Denied,1555.04
CLM102319,PT12487,Medicaid,2026-06-29,Paid,2632.62
CLM100080,PT12488,Aetna,2026-02-28,"Partially Paid",2106.78
CLM101836,PT12489,Medicaid,2026-07-25,Paid,177.81
CLM100963,PT12490,Medicaid,2026-04-25,Denied,3757.69
CLM101933,PT12492,Cigna,2026-07-21,Denied,1292.75
CLM102968,PT12494,Cigna,2026-06-25,Denied,2990.85
CLM100703,PT12498,"Blue Cross",2026-07-22,Paid,3370.82
CLM100244,PT12500,Aetna,2026-08-26,Paid,268.86
CLM102043,PT12502,Cigna,2026-08-01,Paid,3160.54
CLM101684,PT12503,Cigna,2026-06-19,Paid,1129.04
CLM101394,PT12506,Cigna,2026-06-04,Paid,2917.77
CLM101924,PT12507,"Blue Cross",2026-06-21,Paid,1360.05
CLM101439,PT12510,Cigna,2026-02-22,Paid,3027.86
CLM101931,PT12511,"Blue Cross",2026-05-30,"Partially Paid",3310.38
CLM100615,PT12512,UnitedHealthcare,2026-07-16,Paid,3983.42
CLM100108,PT12514,Aetna,2026-02-14,Paid,3327.31
CLM101984,PT12515,Medicare,2026-04-29,Paid,3868.95
CLM100094,PT12516,"Blue Cross",2026-07-29,Pending,3884.4
CLM102240,PT12519,"Blue Cross",2026-05-23,Paid,1080.55
CLM101088,PT12522,Cigna,2026-06-07,Paid,134.94
CLM100889,PT12527,UnitedHealthcare,2026-02-18,Paid,3052.06
CLM102270,PT12528,Medicare,2026-07-16,Pending,1632.09
CLM102259,PT12529,UnitedHealthcare,2026-08-07,Denied,633.22
CLM101250,PT12530,UnitedHealthcare,2026-01-24,Denied,3221.86
CLM102585,PT12531,Aetna,2026-08-23,Paid,3534.06
CLM102638,PT12532,UnitedHealthcare,2026-08-02,Paid,2681.96
CLM102470,PT12534,Aetna,2026-04-10,"Partially Paid",1131.73
CLM101947,PT12536,Aetna,2026-07-13,Denied,2957.28
CLM100903,PT12537,Medicaid,2026-08-06,Denied,3086.58
CLM100761,PT12538,Medicare,2026-03-07,Paid,1966.77
CLM101349,PT12539,Cigna,2026-06-16,Denied,2267.69
CLM101129,PT12540,"Blue Cross",2026-03-11,Paid,2804.37
CLM102221,PT12541,Medicaid,2026-08-08,Paid,3242.55
CLM102581,PT12542,Aetna,2026-07-08,Paid,625.63
CLM102700,PT12543,Aetna,2026-08-19,Paid,2366.39
CLM100012,PT12546,Medicaid,2026-07-18,Denied,2953.54
CLM102046,PT12548,UnitedHealthcare,2026-08-27,"Partially Paid",4012.86
CLM102351,PT12551,Medicare,2026-07-11,Pending,1385.36
CLM100317,PT12553,Medicare,2026-07-28,"Partially Paid",4121.73
CLM100296,PT12554,Aetna,2026-02-14,Paid,2903.58
CLM100070,PT12555,Medicare,2026-06-06,Pending,3979.99
CLM101244,PT12556,Cigna,2026-06-28,Paid,259.95
CLM101784,PT12557,"Blue Cross",2026-08-10,Paid,3422.32
CLM100019,PT12559,Aetna,2026-06-30,Pending,166.76
CLM101822,PT12562,Medicare,2026-07-22,Paid,3288.95
CLM101703,PT12566,Medicare,2026-03-11,Paid,429.61
CLM102976,PT12567,UnitedHealthcare,2026-08-15,Paid,152.44
CLM101993,PT12568,Medicaid,2026-02-20,Paid,1347.43
CLM101858,PT12569,Medicare,2026-03-03,Paid,1803.58
CLM102655,PT12571,Aetna,2026-08-25,Paid,3237.11
CLM101087,PT12575,Aetna,2026-07-28,Denied,3160
CLM100662,PT12577,"Blue Cross",2026-05-05,Pending,2493.79
CLM100934,PT12578,Cigna,2026-01-09,Paid,525.13
CLM101605,PT12580,"Blue Cross",2026-03-16,"Partially Paid",1761.45
CLM101974,PT12581,"Blue Cross",2026-08-13,Paid,235.04
CLM101834,PT12582,Aetna,2026-05-30,Paid,2702.37
CLM102003,PT12583,UnitedHealthcare,2026-04-23,Paid,2019.1
CLM100640,PT12584,Medicaid,2026-05-23,"Partially Paid",232.33
CLM101914,PT12586,Medicaid,2026-02-25,Paid,2916.68
CLM102575,PT12587,Aetna,2026-02-28,Paid,1998.97
CLM100687,PT12588,"Blue Cross",2026-05-30,Paid,2422.86
CLM102026,PT12591,Aetna,2026-02-05,Paid,3791.24
CLM100728,PT12592,"Blue Cross",2026-07-15,Paid,2316.85
CLM102197,PT12593,Aetna,2026-07-09,Denied,1488.37
CLM100117,PT12597,Medicaid,2026-07-16,Paid,2447.47
CLM100648,PT12598,Aetna,2026-02-09,"Partially Paid",2253.94
CLM102047,PT12599,Medicare,2026-07-22,"Partially Paid",4001.26
CLM101581,PT12600,Cigna,2026-06-21,Pending,3727.47
CLM100189,PT12601,"Blue Cross",2026-02-11,Paid,2711.04
CLM100050,PT12603,"Blue Cross",2026-07-23,Paid,2816.22
CLM102085,PT12605,Cigna,2026-03-31,Paid,2055.76
CLM101789,PT12606,UnitedHealthcare,2026-02-02,Paid,3269.95
CLM100064,PT12607,UnitedHealthcare,2026-07-10,Denied,3060.11
CLM100612,PT12608,"Blue Cross",2026-02-24,Paid,3873.44
CLM101331,PT12610,Medicare,2026-08-28,Paid,2316.27
CLM102106,PT12611,Medicare,2026-04-16,Denied,3315.17
CLM102452,PT12612,Medicare,2026-04-08,Paid,3217.41
CLM102937,PT12613,Cigna,2026-08-29,Paid,1853.3
CLM102795,PT12615,UnitedHealthcare,2026-08-18,Paid,3640.71
CLM101776,PT12616,Aetna,2026-04-22,Paid,3206.3
CLM101999,PT12617,Medicare,2026-07-21,Paid,4074.09
CLM102516,PT12618,Medicare,2026-04-27,Denied,2961.58
CLM102939,PT12620,Medicaid,2026-02-14,Paid,320.74
CLM101012,PT12621,"Blue Cross",2026-05-20,Paid,1047.5
CLM101757,PT12623,"Blue Cross",2026-05-03,Paid,1719.65
CLM101260,PT12624,Medicaid,2026-07-01,Paid,2073.07
CLM102756,PT12625,Aetna,2026-02-11,Denied,3178.67
CLM102726,PT12628,Medicare,2026-02-04,Paid,959.75
CLM100635,PT12630,Aetna,2026-03-23,Paid,955.28
CLM102722,PT12631,Medicaid,2026-03-19,Paid,2001.38
CLM100125,PT12632,Aetna,2026-07-14,Pending,1254.64
CLM102810,PT12633,"Blue Cross",2026-02-08,Paid,1133.15
CLM101156,PT12635,Cigna,2026-04-10,Paid,2992.39
CLM102853,PT12638,Cigna,2026-08-31,Pending,2717.7
CLM102966,PT12639,Cigna,2026-03-08,Paid,2348.53
CLM102055,PT12640,"Blue Cross",2026-07-29,Paid,3854.85
CLM102243,PT12641,Aetna,2026-08-24,Denied,3080.03
CLM101852,PT12644,Medicare,2026-07-26,Paid,1311.82
CLM101761,PT12645,"Blue Cross",2026-08-30,Paid,3364.12
CLM100353,PT12646,Medicare,2026-05-24,Paid,3554.22
CLM100502,PT12648,UnitedHealthcare,2026-06-10,Denied,1418.54
CLM102768,PT12649,Aetna,2026-07-28,Paid,3188.79
CLM100130,PT12650,Aetna,2026-08-23,Paid,1638.73
CLM101120,PT12653,Cigna,2026-03-27,Paid,3419.52
CLM100989,PT12654,"Blue Cross",2026-06-12,Paid,4084.69
CLM100299,PT12655,Medicaid,2026-08-16,Pending,2771.99
CLM100245,PT12656,Medicare,2026-02-05,Denied,1766.5
CLM101490,PT12657,Cigna,2026-02-04,Pending,950.74
CLM101165,PT12658,Medicare,2026-09-01,Paid,974.35
CLM100329,PT12659,Cigna,2026-07-09,Paid,1859.35
CLM100217,PT12660,Medicare,2026-02-25,Paid,1453.21
CLM101804,PT12661,"Blue Cross",2026-07-04,Paid,3085.6
CLM102596,PT12663,Aetna,2026-04-25,Paid,4110.83
CLM102498,PT12664,Medicaid,2026-06-27,Paid,2198.06
CLM101002,PT12666,Aetna,2026-08-31,Paid,2788.61
CLM101932,PT12668,Medicaid,2026-06-09,Paid,4060.58
CLM100521,PT12669,Cigna,2026-04-01,Paid,3991.02
CLM100238,PT12670,Aetna,2026-07-05,Paid,994.59
CLM102924,PT12672,Cigna,2026-01-28,Paid,1728.79
CLM102504,PT12673,Medicare,2026-05-21,Paid,2054.51
CLM101820,PT12674,UnitedHealthcare,2026-08-06,Pending,2688.8
CLM101609,PT12675,Medicare,2026-07-04,Paid,722.44
CLM100856,PT12676,Aetna,2026-06-10,Denied,3238.03
CLM100436,PT12677,Medicaid,2026-06-25,Pending,2927.69
CLM100561,PT12679,"Blue Cross",2026-02-28,"Partially Paid",2272.9
CLM102645,PT12681,"Blue Cross",2026-08-06,Pending,108.89
CLM101473,PT12682,UnitedHealthcare,2026-03-02,Denied,801.4
CLM101403,PT12683,Medicaid,2026-07-28,Paid,3224.46
CLM102908,PT12684,Aetna,2026-02-11,Paid,2516.24
CLM100568,PT12685,Medicare,2026-06-27,Paid,810.89
CLM100755,PT12688,UnitedHealthcare,2026-04-12,Denied,3617.24
CLM102984,PT12689,Medicaid,2026-07-30,Paid,3001.27
CLM100757,PT12690,Aetna,2026-06-05,Paid,1301.24
CLM100671,PT12694,Cigna,2026-04-03,Denied,3737.97
CLM100982,PT12696,UnitedHealthcare,2026-05-10,Paid,3768.84
CLM101742,PT12698,Aetna,2026-08-21,Paid,268.47
CLM102061,PT12701,Aetna,2026-07-16,Paid,166.86
CLM102322,PT12702,UnitedHealthcare,2026-05-26,Paid,1209.39
CLM102438,PT12703,Medicaid,2026-01-29,Paid,1546.74
CLM101867,PT12704,Cigna,2026-07-08,Paid,135.32
CLM101165,PT12705,Medicaid,2026-02-24,Paid,649.93
CLM101245,PT12706,UnitedHealthcare,2026-02-21,Paid,815
CLM102490,PT12707,Cigna,2026-07-02,Paid,3326.57
CLM102812,PT12708,Cigna,2026-08-03,Paid,981.81
CLM101270,PT12710,UnitedHealthcare,2026-08-30,Paid,3474.34
CLM100270,PT12711,Medicare,2026-04-09,Paid,2841.74
CLM101987,PT12713,UnitedHealthcare,2026-05-09,Pending,1070.45
CLM101519,PT12715,UnitedHealthcare,2026-05-03,Paid,3844.18
CLM100525,PT12718,Medicare,2026-05-27,Paid,3204.12
CLM102724,PT12720,Aetna,2026-03-05,Pending,951.41
CLM101264,PT12721,"Blue Cross",2026-05-16,Paid,1981.7
CLM101475,PT12722,Cigna,2026-03-30,Paid,1163.46
CLM102004,PT12723,UnitedHealthcare,2026-05-12,Paid,1108.48
CLM102557,PT12724,Aetna,2026-07-19,Denied,2165.9
CLM100937,PT12726,Cigna,2026-08-28,Paid,910.95
CLM100274,PT12728,Cigna,2026-02-04,Paid,1677.08
CLM100881,PT12729,Medicaid,2026-06-18,Paid,1803.15
CLM102113,PT12732,"Blue Cross",2026-05-20,Paid,1832.89
CLM100965,PT12733,Medicare,2026-01-21,Paid,3610.45
CLM102450,PT12735,Medicare,2026-07-24,Paid,2487.93
CLM102624,PT12736,"Blue Cross",2026-07-02,Paid,2499.47
CLM102359,PT12738,Cigna,2026-07-02,Paid,2346.32
CLM100540,PT12739,Cigna,2026-07-15,Paid,420.6
CLM100254,PT12744,UnitedHealthcare,2026-06-17,"Partially Paid",2508.35
CLM102017,PT12746,,2026-02-20,Paid,458.6
CLM101658,PT12748,Medicaid,2026-08-05,Denied,3147.79
CLM101687,PT12749,Aetna,2026-07-27,Paid,2669.12
CLM102081,PT12750,Cigna,2026-03-07,Paid,1076.82
CLM100006,PT12751,Aetna,2026-08-02,Paid,3357.7
CLM101042,PT12752,"Blue Cross",2026-03-11,Paid,3114.55
CLM100332,PT12753,Cigna,2026-01-28,Paid,323.19
CLM101294,PT12755,Aetna,2026-07-22,Paid,1423.89
CLM102383,PT12756,Cigna,2026-08-09,Pending,2607.85
CLM101719,PT12758,Medicare,2026-05-04,Paid,2694.92
CLM102265,PT12759,Medicare,2026-08-07,Pending,653.93
CLM102246,PT12762,Medicare,2026-04-21,Paid,3171.42
CLM102380,PT12763,Medicare,2026-05-03,Paid,3231.71
CLM101444,PT12764,"Blue Cross",2026-07-28,Paid,1762.8
CLM100004,PT12766,Aetna,2026-08-16,Paid,3802.98
CLM101138,PT12767,Cigna,2026-03-26,Paid,1023.25
CLM101981,PT12768,Medicaid,2026-03-20,Paid,3729.13
CLM102374,PT12770,Aetna,2026-05-30,Denied,3589.01
CLM100624,PT12771,"Blue Cross",2026-06-15,Paid,1612.8
CLM100768,PT12772,"Blue Cross",2026-03-14,Pending,1120.87
CLM100951,PT12774,Medicaid,2026-07-02,Paid,2290.93
CLM101166,PT12775,Cigna,2026-03-25,Paid,3392.84
CLM101998,PT12776,"Blue Cross",2026-06-09,Denied,4130.82
CLM102289,PT12777,"Blue Cross",2026-06-10,Paid,512.54
CLM100886,PT12778,Medicare,2026-04-03,Paid,746.3
CLM101106,PT12779,Aetna,2026-05-26,Paid,305.59
CLM100406,PT12780,"Blue Cross",2026-08-24,Denied,2697.35
CLM100786,PT12781,"Blue Cross",2026-03-31,Paid,2321.91
CLM102804,PT12784,Aetna,2026-05-16,Pending,1734
CLM101773,PT12787,"Blue Cross",2026-08-22,Pending,2223.27
CLM100878,PT12788,Medicaid,2026-06-23,Paid,1128.33
CLM102053,PT12790,"Blue Cross",2026-07-06,Denied,3333.64
CLM102463,PT12791,Aetna,2026-07-19,Pending,1120.76
CLM101525,PT12792,Cigna,2026-05-02,Paid,525.84
CLM100286,PT12793,Cigna,2026-08-09,Paid,3758.89
CLM100793,PT12794,Medicare,2026-08-09,Denied,2015.3
CLM101515,PT12795,UnitedHealthcare,2026-08-24,Denied,4063.14
CLM101520,PT12796,Aetna,2026-06-11,Paid,4119.87
CLM101738,PT12797,Medicare,2026-06-20,Denied,766.88
CLM101499,PT12799,"Blue Cross",2026-08-18,Pending,2944.78
CLM101127,PT12800,Medicaid,2026-08-19,Paid,1623.83
CLM102293,PT12801,"Blue Cross",2026-08-02,Paid,3882.88
CLM101371,PT12802,Cigna,2026-07-28,Denied,1917.33
CLM101233,PT12804,Cigna,2026-07-30,Denied,1905.13
CLM102078,PT12805,UnitedHealthcare,2026-08-30,Paid,2880.84
CLM102762,PT12808,Medicaid,2026-04-27,Paid,324.47
CLM101723,PT12809,UnitedHealthcare,2026-08-21,Paid,1609.06
CLM102025,PT12812,Medicare,2026-04-22,Paid,3783.97
CLM101107,PT12814,Cigna,2026-08-27,Paid,3724.76
CLM100001,PT12815,UnitedHealthcare,2026-07-22,Paid,3000.21
CLM101411,PT12819,Medicaid,2026-06-29,"Partially Paid",3482.07
CLM102129,PT12820,"Blue Cross",2026-05-18,"Partially Paid",2817.76
CLM101324,PT12821,Medicaid,2026-07-19,Paid,1739.78
CLM101214,PT12823,Aetna,2026-08-22,Denied,2652.83
CLM102713,PT12824,Medicare,2026-04-01,Paid,3422.85
CLM100023,PT12825,Medicare,2026-04-04,Pending,1036.41
CLM102520,PT12829,Medicaid,2026-02-18,Paid,2518.94
CLM102021,PT12831,"Blue Cross",2026-07-19,Paid,3702.17
CLM101964,PT12833,UnitedHealthcare,2026-04-23,Denied,3134.28
CLM101875,PT12834,Medicaid,2026-07-29,Paid,2822.59
CLM100378,PT12836,Medicare,2026-03-30,Paid,2108.14
CLM100320,PT12838,UnitedHealthcare,2026-07-26,"Partially Paid",3835.82
CLM102100,PT12840,Aetna,2026-08-30,Denied,2769.08
CLM102791,PT12841,UnitedHealthcare,2026-04-13,Paid,3081.36
CLM102040,PT12842,Medicaid,2026-04-10,Paid,1583.19
CLM100149,PT12844,Aetna,2026-06-12,Paid,3910.92
CLM102522,PT12846,Cigna,2026-03-26,Paid,3062.34
CLM101197,PT12848,Medicaid,2026-04-11,Paid,2525.36
CLM102190,PT12849,Aetna,2026-08-06,"Partially Paid",1606.39
CLM101707,PT12852,Medicaid,2026-02-10,Paid,380.54
CLM102989,PT12854,Aetna,2026-08-25,Paid,557.03
CLM100113,PT12855,,2026-08-31,Paid,1580.2
CLM101516,PT12856,"Blue Cross",2026-07-23,Paid,1980.3
CLM100817,PT12857,"Blue Cross",2026-07-04,Paid,3886.2
CLM102124,PT12859,Cigna,2026-08-29,Paid,1971.84
CLM100442,PT12860,"Blue Cross",2026-07-27,Pending,1397
CLM100601,PT12861,Aetna,2026-06-10,Paid,1460.84
CLM101831,PT12862,Aetna,2026-08-29,Pending,1169.87
CLM101379,PT12864,Medicare,2026-04-06,Paid,2639.77
CLM100398,PT12865,Aetna,2026-04-19,Paid,2435.73
CLM102277,PT12866,UnitedHealthcare,2026-06-14,Paid,2246.47
CLM100336,PT12867,Medicare,2026-05-22,Paid,2175.12
CLM100348,PT12870,Medicare,2026-06-22,Paid,429.05
CLM100447,PT12873,Medicaid,2026-07-29,"Partially Paid",3091.82
CLM102015,PT12874,Medicaid,2026-05-14,Denied,3048.27
CLM102248,PT12875,"Blue Cross",2026-02-18,Paid,951.4
CLM100118,PT12876,Cigna,2026-04-10,Paid,369.87
CLM102111,PT12877,UnitedHealthcare,2026-02-09,Pending,484.07
CLM101366,PT12878,"Blue Cross",2026-06-29,Paid,1722.29
CLM101336,PT12879,Cigna,2026-06-26,Paid,1579.37
CLM102205,PT12880,Cigna,2026-08-23,Paid,2949.86
CLM100233,PT12881,UnitedHealthcare,2026-06-01,Pending,3933.41
CLM102432,PT12882,Medicare,2026-02-16,Paid,3624.99
CLM100519,PT12884,Aetna,2026-06-16,Paid,2878.23
CLM100387,PT12886,"Blue Cross",2026-07-07,Paid,3376.4
CLM102602,PT12888,Medicare,2026-02-13,Pending,472.39
CLM100129,PT12889,UnitedHealthcare,2026-05-21,Paid,2278.5
CLM100458,PT12891,Medicare,2026-07-08,Paid,3111.97
CLM102088,PT12892,"Blue Cross",2026-05-26,"Partially Paid",1290.27
CLM100307,PT12893,Medicare,2026-04-22,Paid,1384.62
CLM101152,PT12894,Medicare,2026-01-17,Paid,1871.92
CLM101571,PT12896,"Blue Cross",2026-08-25,Denied,3842.34
CLM102698,PT12898,"Blue Cross",2026-03-13,Paid,810.01
CLM102169,PT12899,"Blue Cross",2026-04-14,Paid,4159.38
CLM102830,PT12900,Medicare,2026-05-16,Paid,2536.97
CLM102630,PT12901,"Blue Cross",2026-03-25,Denied,1853.1
CLM100739,PT12902,Aetna,2026-07-21,Denied,3130.57
CLM101986,PT12903,Medicare,2026-06-23,Paid,859.91
CLM102740,PT12907,Cigna,2026-08-22,Paid,1476.49
CLM101625,PT12910,Cigna,2026-07-29,Denied,677.02
CLM102781,PT12911,Medicaid,2026-06-17,Paid,1130.39
CLM102048,PT12912,Medicaid,2026-07-23,Denied,2180.59
CLM102658,PT12916,Aetna,2026-07-01,Paid,3097.34
CLM101125,PT12917,"Blue Cross",2026-07-31,Paid,1977.14
CLM100144,PT12918,Cigna,2026-08-16,"Partially Paid",3059.44
CLM102911,PT12919,"Blue Cross",2026-05-28,Paid,4160.22
CLM100998,PT12923,Aetna,2026-07-24,"Partially Paid",1381.08
CLM100363,PT12924,UnitedHealthcare,2026-08-10,Denied,888.08
CLM102899,PT12926,UnitedHealthcare,2026-07-26,Paid,2879.51
CLM102958,PT12927,Medicare,2026-06-22,Paid,3755.17
CLM102683,PT12928,Cigna,2026-07-22,Paid,3040.7
CLM101845,PT12931,UnitedHealthcare,2026-06-26,Paid,3588.9
CLM101859,PT12933,Cigna,2026-05-28,Paid,1550.26
CLM101256,PT12935,Cigna,2026-06-18,Paid,2364.81
CLM101134,PT12936,Cigna,2026-07-25,Paid,816.5
CLM101249,PT12938,UnitedHealthcare,2026-04-07,Paid,3521.62
CLM101881,PT12941,Medicaid,2026-08-20,Paid,821.8
CLM101958,PT12942,UnitedHealthcare,2026-07-16,Paid,3217.23
CLM102482,PT12943,Cigna,2026-07-13,Paid,1534.35
CLM100555,PT12946,UnitedHealthcare,2026-06-03,Denied,3670.2
CLM101086,PT12949,UnitedHealthcare,2026-01-09,Paid,1270.45
CLM100089,PT12950,Medicare,2026-07-20,Paid,2604.1
CLM102608,PT12952,Cigna,2026-04-09,Paid,1679.58
CLM101298,PT12953,Medicaid,2026-03-19,Paid,4082.06
CLM100952,PT12954,Cigna,2026-05-29,Paid,1645.22
CLM100622,PT12955,UnitedHealthcare,2026-07-03,Paid,2092.6
CLM102286,PT12956,Medicaid,2026-07-06,Denied,1894.16
CLM100449,PT12957,Aetna,2026-08-10,Paid,1044.75
CLM101813,PT12958,Medicare,2026-07-30,Paid,3845
CLM101976,PT12959,UnitedHealthcare,2026-08-22,Denied,1469.79
CLM102276,PT12960,Aetna,2026-07-28,Denied,3992.93
CLM102013,PT12961,Medicaid,2026-02-09,Paid,2968.01
CLM102493,PT12962,Cigna,2026-08-14,Paid,3522.74
CLM100237,PT12964,UnitedHealthcare,2026-03-17,Denied,4007.17
CLM100175,PT12966,Aetna,2026-08-28,"Partially Paid",714.41
CLM101036,PT12967,,2026-07-20,Denied,1897.71
CLM102326,PT12969,Aetna,2026-04-06,Paid,2950.84
CLM101978,PT12970,,2026-08-10,Pending,3736.3
CLM100037,PT12972,UnitedHealthcare,2026-05-08,Paid,304.39
CLM100423,PT12974,Medicaid,2026-07-03,Paid,1769.09
CLM101916,PT12975,Cigna,2026-04-05,Paid,2272.57
CLM101705,PT12976,"Blue Cross",2026-09-01,"Partially Paid",160.83
CLM100165,PT12977,Cigna,2026-06-24,Paid,2776.85
CLM101811,PT12980,Cigna,2026-07-21,Denied,106.55
CLM100115,PT12981,Medicaid,2026-01-06,Denied,127.91
CLM102528,PT12982,UnitedHealthcare,2026-02-22,Paid,3995.73
CLM102838,PT12983,Cigna,2026-05-07,Pending,741.68
CLM101287,PT12984,Aetna,2026-08-05,Paid,1616.97
CLM100399,PT12986,Aetna,2026-05-02,Paid,2657.2
CLM102468,PT12988,Medicaid,2026-07-30,Paid,909.8
CLM101075,PT12989,UnitedHealthcare,2026-05-27,Denied,2568.63
CLM101447,PT12991,"Blue Cross",2026-04-18,Paid,556.6
CLM101328,PT12992,Cigna,2026-04-01,Paid,1838.57
CLM102489,PT12993,Aetna,2026-06-21,Paid,1475.79
CLM101567,PT12994,Medicare,2026-08-14,Paid,1040.39
CLM100096,PT12996,UnitedHealthcare,2026-04-30,Paid,2690.49
CLM101116,PT12998,Medicaid,2026-06-08,Paid,1966.86
CLM101045,PT12999,UnitedHealthcare,2026-02-23,Paid,1109.69
