claim_id,billed_amount,allowed_amount,paid_amount
CLM100155,-2077.75,1279.59,1220.1
CLM100174,-3625.03,2754.95,0
CLM100283,-2080.82,1742.14,1719.32
CLM100301,-3442.16,1876.15,1867.47
CLM101072,-1998.91,1636.75,1603.26
CLM101078,-1957.62,924.53,891.81
CLM101311,-2691.49,2045.33,1971.71
CLM101397,-3790.3,2401.04,2289.54
CLM101803,-1709.79,1022.94,0
CLM101910,-157.57,96.94,96.87
CLM102056,-155.77,116.49,116.07
CLM102118,-2159.03,1085.85,0
CLM102247,-2730.91,1964.21,1891.24
CLM102640,-1443.16,956.4,0
CLM102679,-2301.49,2057.14,1978.63
