payer,claim_status,total_claims,total_billed
,Denied,3,7284.9
,Paid,19,26953.99
,"Partially Paid",2,3164.22
,Pending,6,16394.43
,NULL,30,53797.54
Aetna,Denied,97,210399.94
Aetna,Paid,314,680277.27
Aetna,"Partially Paid",41,86609.12
Aetna,Pending,43,76761.13
Aetna,NULL,495,1054047.46
"Blue Cross",Denied,87,191245.97
"Blue Cross",Paid,350,770994.07
"Blue Cross","Partially Paid",47,105593.48
"Blue Cross",Pending,55,113568.23
"Blue Cross",NULL,539,1181401.75
Cigna,Denied,72,148281.85
Cigna,Paid,347,741779.43
Cigna,"Partially Paid",30,68596.78
Cigna,Pending,45,104941.62
Cigna,NULL,494,1063599.68
Medicaid,Denied,82,157187.56
Medicaid,Paid,309,657444.76
Medicaid,"Partially Paid",34,77664.61
Medicaid,Pending,45,90416.26
Medicaid,NULL,470,982713.19
Medicare,Denied,79,161844.85
Medicare,Paid,314,678317.06
Medicare,"Partially Paid",46,93473.96
Medicare,Pending,41,96631.56
Medicare,NULL,480,1030267.43
UnitedHealthcare,Denied,81,179653.45
UnitedHealthcare,Paid,302,634311.7
UnitedHealthcare,"Partially Paid",41,90028.31
UnitedHealthcare,Pending,43,94622.74
UnitedHealthcare,NULL,467,998616.2
NULL,NULL,2975,6364443.25
