provider_id,total_claims,total_paid,provider_rank,provider_dense_rank
PRV008,112,124761.57,1,1
PRV023,114,119472.21,2,2
PRV030,113,118650.5,3,3
PRV021,103,118513.22,4,4
PRV025,122,116812.11,5,5
PRV010,107,116800.5,6,6
PRV022,106,116008.55,7,7
PRV018,115,114012.76,8,8
PRV028,104,112627.69,9,9
PRV015,104,110775.22,10,10
PRV005,95,104661.76,11,11
PRV002,101,103198.28,12,12
PRV024,104,101120.7,13,13
PRV009,96,100121.83,14,14
PRV020,100,97867,15,15
PRV003,93,96181.24,16,16
PRV026,96,95774.59,17,17
PRV007,95,94926.61,18,18
PRV029,90,94665.2,19,19
PRV006,96,89845.07,20,20
PRV012,98,89545.44,21,21
PRV001,108,89451.66,22,22
PRV027,90,88116.77,23,23
PRV004,93,87539.85,24,24
PRV019,94,87417.7,25,25
PRV014,92,83356.22,26,26
PRV013,83,79464.97,27,27
PRV011,80,76675.37,28,28
PRV016,81,75991.55,29,29
PRV017,90,72541.63,30,30
