payer,month,total_claims,denied_claims,denial_rate,previous_month_denial_rate,denial_rate_change,monthly_denial_rank
UnitedHealthcare,2025-12,1,0,0.00,NULL,NULL,1
Medicare,2025-12,1,0,0.00,NULL,NULL,1
Aetna,2026-01,57,15,26.32,NULL,NULL,1
Medicaid,2026-01,53,11,20.75,NULL,NULL,2
Medicare,2026-01,59,10,16.95,0.00,16.95,3
Cigna,2026-01,54,9,16.67,NULL,NULL,4
UnitedHealthcare,2026-01,47,5,10.64,0.00,10.64,5
"Blue Cross",2026-01,57,6,10.53,NULL,NULL,6
Aetna,2026-02,55,10,18.18,26.32,-8.14,1
Medicare,2026-02,72,11,15.28,16.95,-1.67,2
UnitedHealthcare,2026-02,58,8,13.79,10.64,3.15,3
"Blue Cross",2026-02,78,10,12.82,10.53,2.29,4
Cigna,2026-02,41,5,12.20,16.67,-4.47,5
Medicaid,2026-02,50,5,10.00,20.75,-10.75,6
Aetna,2026-03,56,11,19.64,18.18,1.46,1
"Blue Cross",2026-03,71,12,16.90,12.82,4.08,2
Cigna,2026-03,66,11,16.67,12.20,4.47,3
Medicaid,2026-03,53,7,13.21,10.00,3.21,4
UnitedHealthcare,2026-03,46,6,13.04,13.79,-0.75,5
Medicare,2026-03,55,3,5.45,15.28,-9.83,6
Medicare,2026-04,60,18,30.00,5.45,24.55,1
UnitedHealthcare,2026-04,64,12,18.75,13.04,5.71,2
Aetna,2026-04,77,14,18.18,19.64,-1.46,3
"Blue Cross",2026-04,56,8,14.29,16.90,-2.61,4
Medicaid,2026-04,52,6,11.54,13.21,-1.67,5
Cigna,2026-04,83,9,10.84,16.67,-5.83,6
Cigna,2026-05,53,11,20.75,10.84,9.91,1
Medicaid,2026-05,56,11,19.64,11.54,8.10,2
UnitedHealthcare,2026-05,68,13,19.12,18.75,0.37,3
"Blue Cross",2026-05,67,11,16.42,14.29,2.13,4
Medicare,2026-05,62,10,16.13,30.00,-13.87,5
Aetna,2026-05,48,5,10.42,18.18,-7.76,6
"Blue Cross",2026-06,73,15,20.55,16.42,4.13,1
UnitedHealthcare,2026-06,59,10,16.95,19.12,-2.17,2
Medicaid,2026-06,75,12,16.00,19.64,-3.64,3
Aetna,2026-06,66,10,15.15,10.42,4.73,4
Medicare,2026-06,57,7,12.28,16.13,-3.85,5
Cigna,2026-06,62,4,6.45,20.75,-14.30,6
Aetna,2026-07,68,18,26.47,15.15,11.32,1
"Blue Cross",2026-07,66,13,19.70,20.55,-0.85,2
Medicaid,2026-07,67,13,19.40,16.00,3.40,3
Cigna,2026-07,54,10,18.52,6.45,12.07,4
Medicare,2026-07,73,12,16.44,12.28,4.16,5
UnitedHealthcare,2026-07,57,8,14.04,16.95,-2.91,6
UnitedHealthcare,2026-08,67,19,28.36,14.04,14.32,1
Medicaid,2026-08,62,17,27.42,19.40,8.02,2
Aetna,2026-08,68,14,20.59,26.47,-5.88,3
Medicare,2026-08,39,7,17.95,16.44,1.51,4
"Blue Cross",2026-08,69,11,15.94,19.70,-3.76,5
Cigna,2026-08,79,12,15.19,18.52,-3.33,6
"Blue Cross",2026-09,2,1,50.00,15.94,34.06,1
Medicare,2026-09,2,1,50.00,17.95,32.05,1
Cigna,2026-09,2,1,50.00,15.19,34.81,1
Medicaid,2026-09,2,0,0.00,27.42,-27.42,4
